,RMNH.INS.1271298_An_messeae - CYTB gene,RMNH.INS.1271299_An_messeae - CYTB gene,RMNH.INS.1271300_An_messeae - CYTB gene,RMNH.INS.1271301_Cq_richiardii - CYTB gene,RMNH.INS.1271302_Cq_richiardii - CYTB gene,RMNH.INS.1271303_Cq_richiardii - CYTB gene,RMNH.INS.1271304_Ae_vexans - CYTB gene,RMNH.INS.1271305_Ae_vexans - CYTB gene,RMNH.INS.1271306_Ae_vexans - CYTB gene,RMNH.INS.1271307_Cs_annulata - CYTB gene,RMNH.INS.1271308_Cs_annulata - CYTB gene,RMNH.INS.1271309_Cs_annulata - CYTB gene,RMNH.INS.1271310_An_claviger - CYTB gene,RMNH.INS.1271311_An_claviger - CYTB gene,RMNH.INS.1271312_An_claviger - CYTB gene,RMNH.INS.1271313_Cx_modestus - CYTB gene,RMNH.INS.1271314_Cx_modestus - CYTB gene,RMNH.INS.1271315_Cx_modestus - CYTB gene,RMNH.INS.1271316_Cx_territans - CYTB gene,RMNH.INS.1271317_Cx_territans - CYTB gene,RMNH.INS.1271318_Cx_territans - CYTB gene,RMNH.INS.1271319_Ae_cinereus - CYTB gene,RMNH.INS.1271320_Ae_cinereus - CYTB gene,RMNH.INS.1271321_Ae_cinereus - CYTB gene,RMNH.INS.1271322_Cs_longiareolata - CYTB gene,RMNH.INS.1271323_Cs_longiareolata - CYTB gene,RMNH.INS.1271324_Cs_longiareolata - CYTB gene,RMNH.INS.1271325_Ae_annulipes_cantans - CYTB gene,RMNH.INS.1271326_Ae_annulipes_cantans - CYTB gene,RMNH.INS.1271327_Ae_annulipes_cantans - CYTB gene,RMNH.INS.1271328_Ae_annulipes_cantans - CYTB gene,RMNH.INS.1271329_Ae_annulipes_cantans - CYTB gene,RMNH.INS.1271330_Ae_annulipes_cantans - CYTB gene,RMNH.INS.1271331_Ae_rusticus - CYTB gene,RMNH.INS.1271332_Ae_rusticus - CYTB gene,RMNH.INS.1271333_Ae_rusticus - CYTB gene,RMNH.INS.1271334_Ae_communis - CYTB gene,RMNH.INS.1271335_Ae_communis - CYTB gene,RMNH.INS.1271336_Ae_communis - CYTB gene,RMNH.INS.1271337_Ae_punctor - CYTB gene,RMNH.INS.1271338_Ae_rusticus - CYTB gene,RMNH.INS.1271339_Ae_punctor - CYTB gene,RMNH.INS.1271340_Ae_geniculatus - CYTB gene,RMNH.INS.1271341_Ae_geniculatus - CYTB gene,RMNH.INS.1271342_Ae_geniculatus - CYTB gene,RMNH.INS.1271344_Cs_subochrea - CYTB gene,RMNH.INS.1271345_Cs_annulata - CYTB gene,RMNH.INS.1271346_Ae_caspius - CYTB gene,RMNH.INS.1271347_Ae_caspius - CYTB gene,RMNH.INS.1271348_Ae_caspius - CYTB gene,RMNH.INS.1271349_An_plumbeus_partial_genome - CYTB gene,RMNH.INS.1271350_An_plumbeus_partial_genome - CYTB gene,RMNH.INS.1271351_An_plumbeus_partial_genome - CYTB gene,RMNH.INS.1271352_Cs_annulata - CYTB gene,RMNH.INS.1271354_Cs_annulata - CYTB gene,RMNH.INS.1271355_Cx_pipiens - CYTB gene,RMNH.INS.1271356_Cx_pipiens - CYTB gene,RMNH.INS.1271357_Cx_pipiens - CYTB gene,RMNH.INS.1271358_Cs_morsitans - CYTB gene,RMNH.INS.1271359_Cs_morsitans - CYTB gene,RMNH.INS.1271360_Cs_morsitans - CYTB gene,RMNH.INS.1271361_Ae_sticticus - CYTB gene,RMNH.INS.1271362_Ae_sticticus - CYTB gene,RMNH.INS.1271363_Ae_sticticus - CYTB gene,RMNH.INS.1271367_Ae_detritus - CYTB gene,RMNH.INS.1271368_Ae_detritus - CYTB gene,RMNH.INS.1271369_Ae_caspius - CYTB gene,RMNH.INS.1271370_Ae_flavescens - CYTB gene,RMNH.INS.1271371_Ae_flavescens - CYTB gene,RMNH.INS.1271372_Ae_flavescens - CYTB gene,RMNH.INS.1271375_Ae_leucomelas - CYTB gene,RMNH.INS.1271376_Ae_albopictus - CYTB gene,RMNH.INS.1271377_Ae_albopictus - CYTB gene,RMNH.INS.1271378_Ae_albopictus - CYTB gene,RMNH.INS.1271379_Ae_japonicus - CYTB gene,RMNH.INS.1271380_Ae_japonicus - CYTB gene,RMNH.INS.1271381_Ae_japonicus - CYTB gene,RMNH.INS.1271382_Ae_aegypti - CYTB gene,RMNH.INS.1271383_Ae_aegypti - CYTB gene,RMNH.INS.1271384_Ae_aegypti - CYTB gene,RMNH.INS.1271386_Ae_cinereus - CYTB gene,RMNH.INS.1271389_Cs_ochroptera - CYTB gene
RMNH.INS.1271298_An_messeae - CYTB gene,,99.736,99.12,84.257,84.169,84.169,88.303,88.215,88.303,87.247,87.159,83.201,89.798,89.974,89.71,85.928,86.368,86.192,86.016,86.016,86.016,86.016,85.752,86.016,87.159,87.159,87.159,86.456,86.368,86.368,86.456,86.104,85.928,86.807,86.895,86.719,86.28,86.192,86.192,84.609,86.719,84.609,86.28,86.28,86.28,86.456,87.159,86.895,87.071,86.983,88.566,88.566,88.566,87.159,87.159,87.423,87.423,87.247,84.257,84.257,84.257,86.719,86.719,86.719,85.224,86.192,87.071,86.895,86.895,86.631,86.456,87.863,87.951,87.863,85.224,85.224,85.312,85.576,85.4,85.488,85.928,87.071
RMNH.INS.1271299_An_messeae - CYTB gene,99.736,,99.033,84.169,83.905,83.905,88.039,88.127,88.039,87.071,86.983,83.026,89.71,89.886,89.622,85.664,86.28,86.104,86.104,86.104,86.104,85.928,85.664,85.928,87.071,87.071,87.071,86.192,86.104,86.28,86.192,85.84,85.664,86.719,86.807,86.631,86.192,86.104,86.104,84.345,86.631,84.345,86.016,86.016,86.016,86.368,86.983,86.807,86.983,86.895,88.478,88.478,88.478,86.983,86.983,87.159,87.159,86.983,84.169,84.169,84.169,86.631,86.631,86.631,85.136,85.928,86.983,86.631,86.631,86.368,86.192,87.599,87.687,87.599,85.136,85.136,85.224,85.488,85.136,85.224,85.84,86.983
RMNH.INS.1271300_An_messeae - CYTB gene,99.12,99.033,,84.081,83.993,83.993,87.863,87.775,87.863,86.631,86.719,82.762,89.71,89.886,89.622,85.84,86.104,85.84,86.016,86.016,86.016,85.752,85.488,85.752,86.631,86.631,86.631,86.192,86.104,86.104,86.192,85.84,85.664,86.28,86.368,86.192,86.104,86.016,86.016,84.521,86.192,84.521,86.016,86.016,86.016,86.456,86.719,86.544,86.719,86.631,88.478,88.478,88.478,86.719,86.719,87.071,87.071,86.895,83.817,83.817,83.817,86.28,86.28,86.28,84.872,85.84,86.719,86.631,86.631,86.368,86.104,87.335,87.423,87.335,84.872,84.872,84.96,85.576,85.224,85.312,85.664,86.631
RMNH.INS.1271301_Cq_richiardii - CYTB gene,84.257,84.169,84.081,,99.56,99.56,86.719,86.807,86.719,86.28,86.28,82.234,83.641,83.553,83.641,86.104,86.368,86.368,86.016,86.016,86.016,84.697,84.433,84.697,87.159,87.159,87.159,84.785,85.048,84.609,84.872,84.785,84.609,86.28,86.28,86.192,85.4,85.488,85.488,83.993,86.192,83.993,85.312,85.312,85.312,85.928,86.28,85.752,85.752,85.84,83.641,83.641,83.641,86.28,86.28,85.928,85.928,85.664,84.697,84.697,84.697,84.872,84.872,84.96,84.785,85.136,85.752,85.048,85.048,84.785,84.785,85.752,85.84,85.752,86.807,86.807,87.071,85.4,85.4,85.312,84.521,86.368
RMNH.INS.1271302_Cq_richiardii - CYTB gene,84.169,83.905,83.993,99.56,,100,86.631,86.544,86.631,86.104,86.104,82.058,83.553,83.465,83.553,86.016,86.104,86.192,85.664,85.664,85.664,84.521,84.433,84.521,86.895,86.895,86.895,84.785,85.048,84.433,84.872,84.785,84.609,86.016,86.016,85.928,85.136,85.224,85.224,83.993,85.928,83.993,85.224,85.224,85.224,85.664,86.104,85.576,85.576,85.664,83.465,83.465,83.465,86.104,86.104,85.752,85.752,85.488,84.345,84.345,84.345,84.521,84.521,84.609,84.697,85.048,85.576,85.048,85.048,84.785,84.697,85.664,85.752,85.664,86.719,86.719,86.983,85.312,85.488,85.224,84.521,86.016
RMNH.INS.1271303_Cq_richiardii - CYTB gene,84.169,83.905,83.993,99.56,100,,86.631,86.544,86.631,86.104,86.104,82.058,83.553,83.465,83.553,86.016,86.104,86.192,85.664,85.664,85.664,84.521,84.433,84.521,86.895,86.895,86.895,84.785,85.048,84.433,84.872,84.785,84.609,86.016,86.016,85.928,85.136,85.224,85.224,83.993,85.928,83.993,85.224,85.224,85.224,85.664,86.104,85.576,85.576,85.664,83.465,83.465,83.465,86.104,86.104,85.752,85.752,85.488,84.345,84.345,84.345,84.521,84.521,84.609,84.697,85.048,85.576,85.048,85.048,84.785,84.697,85.664,85.752,85.664,86.719,86.719,86.983,85.312,85.488,85.224,84.521,86.016
RMNH.INS.1271304_Ae_vexans - CYTB gene,88.303,88.039,87.863,86.719,86.631,86.631,,99.912,100,89.71,89.886,85.664,87.423,87.247,87.511,87.687,88.215,87.951,88.566,88.566,88.566,90.325,90.062,90.15,89.886,89.886,89.886,90.237,90.325,90.237,90.15,90.15,89.974,91.293,91.293,91.205,89.886,89.974,89.974,88.654,91.205,88.654,90.237,90.237,90.237,89.182,89.886,91.117,91.117,91.205,86.016,86.016,86.016,89.886,89.886,88.742,88.742,88.478,87.511,87.511,87.511,88.918,88.918,89.006,89.182,90.237,91.117,90.589,90.589,90.325,89.798,92.612,92.7,92.612,89.534,89.534,89.71,90.237,89.974,90.15,90.237,90.062
RMNH.INS.1271305_Ae_vexans - CYTB gene,88.215,88.127,87.775,86.807,86.544,86.544,99.912,,99.912,89.71,89.886,85.664,87.511,87.335,87.599,87.599,88.303,88.039,88.654,88.654,88.654,90.237,89.974,90.062,89.974,89.974,89.974,90.15,90.237,90.325,90.062,90.062,89.886,91.381,91.381,91.293,89.974,90.062,90.062,88.566,91.293,88.566,90.15,90.15,90.15,89.27,89.886,91.205,91.205,91.293,86.104,86.104,86.104,89.886,89.886,88.654,88.654,88.391,87.599,87.599,87.599,89.006,89.006,89.094,89.27,90.15,91.205,90.501,90.501,90.237,89.71,92.524,92.612,92.524,89.622,89.622,89.798,90.15,89.886,90.062,90.15,90.15
RMNH.INS.1271306_Ae_vexans - CYTB gene,88.303,88.039,87.863,86.719,86.631,86.631,100,99.912,,89.71,89.886,85.664,87.423,87.247,87.511,87.687,88.215,87.951,88.566,88.566,88.566,90.325,90.062,90.15,89.886,89.886,89.886,90.237,90.325,90.237,90.15,90.15,89.974,91.293,91.293,91.205,89.886,89.974,89.974,88.654,91.205,88.654,90.237,90.237,90.237,89.182,89.886,91.117,91.117,91.205,86.016,86.016,86.016,89.886,89.886,88.742,88.742,88.478,87.511,87.511,87.511,88.918,88.918,89.006,89.182,90.237,91.117,90.589,90.589,90.325,89.798,92.612,92.7,92.612,89.534,89.534,89.71,90.237,89.974,90.15,90.237,90.062
RMNH.INS.1271307_Cs_annulata - CYTB gene,87.247,87.071,86.631,86.28,86.104,86.104,89.71,89.71,89.71,,99.472,94.371,85.488,85.488,85.576,88.215,88.127,88.127,88.742,88.742,88.742,87.687,87.687,87.687,90.765,90.765,90.765,88.918,88.742,88.918,88.918,88.478,88.303,89.094,89.094,89.006,88.83,88.742,88.742,86.631,89.006,86.631,87.599,87.599,87.599,96.218,99.472,89.006,89.182,89.094,85.752,85.752,85.752,99.472,99.472,88.83,88.83,88.566,87.951,87.951,87.951,87.775,87.775,87.863,87.687,88.478,89.182,89.006,89.006,88.742,88.039,89.71,89.71,89.622,87.511,87.511,87.423,86.368,86.456,86.544,87.599,90.765
RMNH.INS.1271308_Cs_annulata - CYTB gene,87.159,86.983,86.719,86.28,86.104,86.104,89.886,89.886,89.886,99.472,,94.811,85.576,85.576,85.664,88.478,88.566,88.391,89.182,89.182,89.182,87.687,87.687,87.687,90.765,90.765,90.765,89.006,88.83,89.182,89.006,88.566,88.391,89.27,89.27,89.182,89.006,88.918,88.918,86.807,89.182,86.807,87.863,87.863,87.863,96.482,100,89.094,89.27,89.182,85.752,85.752,85.752,100,100,89.182,89.182,88.918,88.215,88.215,88.215,87.863,87.863,87.951,87.863,88.478,89.27,89.27,89.27,89.006,88.039,89.71,89.71,89.622,87.775,87.775,87.687,86.456,86.544,86.807,87.599,90.941
RMNH.INS.1271309_Cs_annulata - CYTB gene,83.201,83.026,82.762,82.234,82.058,82.058,85.664,85.664,85.664,94.371,94.811,,81.618,81.706,81.706,83.905,83.905,83.817,84.785,84.785,84.785,83.641,83.641,83.641,86.368,86.368,86.368,84.521,84.345,84.609,84.521,84.081,83.905,84.96,84.96,84.872,84.521,84.433,84.433,82.674,84.872,82.674,83.553,83.553,83.553,91.469,94.811,84.609,84.785,84.697,81.53,81.53,81.53,94.811,94.811,84.521,84.521,84.257,84.257,84.257,84.257,83.817,83.817,83.905,83.553,84.169,84.785,84.785,84.785,84.521,83.641,85.4,85.4,85.312,83.729,83.729,83.641,82.058,82.146,82.41,83.641,86.544
RMNH.INS.1271310_An_claviger - CYTB gene,89.798,89.71,89.71,83.641,83.553,83.553,87.423,87.511,87.423,85.488,85.576,81.618,,99.472,99.912,84.872,84.96,84.96,85.664,85.664,85.664,84.697,84.872,84.697,86.631,86.631,86.631,85.84,86.016,86.016,85.84,86.104,85.928,86.631,86.719,86.544,85.312,85.224,85.224,83.993,86.544,83.993,85.488,85.488,85.488,85.224,85.576,87.247,87.423,87.335,89.71,89.71,89.71,85.576,85.576,84.96,84.96,84.785,83.993,83.993,83.993,85.928,85.928,85.928,84.609,85.048,87.423,86.016,86.016,85.752,85.048,86.368,86.456,86.456,86.192,86.192,86.192,85.928,85.488,85.928,84.785,87.599
RMNH.INS.1271311_An_claviger - CYTB gene,89.974,89.886,89.886,83.553,83.465,83.465,87.247,87.335,87.247,85.488,85.576,81.706,99.472,,99.56,84.609,84.697,84.697,85.488,85.488,85.488,84.697,84.872,84.697,86.631,86.631,86.631,85.752,85.928,85.928,85.752,86.016,85.84,86.631,86.719,86.544,85.312,85.224,85.224,83.905,86.544,83.905,85.4,85.4,85.4,85.224,85.576,87.159,87.335,87.247,89.622,89.622,89.622,85.576,85.576,84.785,84.785,84.609,83.993,83.993,83.993,86.016,86.016,86.016,84.521,84.96,87.335,85.928,85.928,85.664,85.048,86.368,86.456,86.456,86.192,86.192,86.192,85.84,85.4,85.84,84.785,87.247
RMNH.INS.1271312_An_claviger - CYTB gene,89.71,89.622,89.622,83.641,83.553,83.553,87.511,87.599,87.511,85.576,85.664,81.706,99.912,99.56,,84.785,84.872,84.872,85.576,85.576,85.576,84.609,84.785,84.609,86.719,86.719,86.719,85.928,86.104,86.104,85.928,86.192,86.016,86.719,86.807,86.631,85.4,85.312,85.312,84.081,86.631,84.081,85.576,85.576,85.576,85.312,85.664,87.335,87.511,87.423,89.798,89.798,89.798,85.664,85.664,84.872,84.872,84.697,83.905,83.905,83.905,85.928,85.928,85.928,84.609,85.048,87.511,86.104,86.104,85.84,85.136,86.456,86.544,86.544,86.28,86.28,86.28,86.016,85.576,86.016,84.697,87.511
RMNH.INS.1271313_Cx_modestus - CYTB gene,85.928,85.664,85.84,86.104,86.016,86.016,87.687,87.599,87.687,88.215,88.478,83.905,84.872,84.609,84.785,,97.801,97.801,89.534,89.534,89.534,86.104,86.104,86.28,87.247,87.247,87.247,87.335,87.511,87.687,87.335,87.159,86.983,86.895,86.895,86.807,87.599,87.511,87.511,86.544,86.807,86.544,86.983,86.983,86.983,87.775,88.478,87.423,87.599,87.511,84.872,84.872,84.872,88.478,88.478,91.381,91.381,91.117,86.368,86.368,86.368,86.807,86.807,86.807,87.687,88.303,87.599,88.039,88.039,87.951,87.247,87.335,87.423,87.335,86.192,86.192,86.456,86.104,85.928,86.456,86.104,89.358
RMNH.INS.1271314_Cx_modestus - CYTB gene,86.368,86.28,86.104,86.368,86.104,86.104,88.215,88.303,88.215,88.127,88.566,83.905,84.96,84.697,84.872,97.801,,99.296,89.71,89.71,89.71,85.576,85.4,85.576,87.687,87.687,87.687,87.687,87.863,88.391,87.687,87.423,87.247,87.423,87.423,87.335,88.478,88.391,88.391,86.719,87.335,86.719,87.335,87.335,87.335,88.215,88.566,88.303,88.478,88.391,85.136,85.136,85.136,88.566,88.566,91.645,91.645,91.381,86.368,86.368,86.368,87.071,87.071,87.071,88.391,88.478,88.478,88.478,88.478,88.391,87.423,87.511,87.599,87.511,86.807,86.807,86.895,86.28,86.192,86.28,85.312,89.798
RMNH.INS.1271315_Cx_modestus - CYTB gene,86.192,86.104,85.84,86.368,86.192,86.192,87.951,88.039,87.951,88.127,88.391,83.817,84.96,84.697,84.872,97.801,99.296,,89.534,89.534,89.534,85.664,85.576,85.664,87.687,87.687,87.687,87.335,87.511,88.039,87.335,87.071,86.895,87.247,87.247,87.159,88.127,88.039,88.039,86.456,87.159,86.456,86.895,86.895,86.895,88.215,88.391,88.039,88.215,88.127,85.312,85.312,85.312,88.391,88.391,91.381,91.381,91.117,86.192,86.192,86.192,86.719,86.719,86.719,88.039,88.127,88.215,88.127,88.127,88.039,87.335,87.423,87.511,87.423,86.807,86.807,86.895,85.928,85.84,85.928,85.4,89.446
RMNH.INS.1271316_Cx_territans - CYTB gene,86.016,86.104,86.016,86.016,85.664,85.664,88.566,88.654,88.566,88.742,89.182,84.785,85.664,85.488,85.576,89.534,89.71,89.534,,99.824,100,87.511,87.335,87.511,89.094,89.094,89.094,88.303,88.039,88.039,88.215,87.863,87.687,88.039,88.039,87.951,87.335,87.423,87.423,86.895,87.951,86.895,88.303,88.303,88.303,88.391,89.182,88.127,88.303,88.215,84.872,84.872,84.872,89.182,89.182,90.501,90.501,90.237,87.863,87.863,87.863,87.687,87.687,87.775,86.983,87.511,88.303,88.391,88.391,88.303,88.215,87.687,87.775,87.775,88.127,88.127,88.215,86.719,86.456,86.456,87.247,89.798
RMNH.INS.1271317_Cx_territans - CYTB gene,86.016,86.104,86.016,86.016,85.664,85.664,88.566,88.654,88.566,88.742,89.182,84.785,85.664,85.488,85.576,89.534,89.71,89.534,99.824,,99.824,87.511,87.335,87.511,89.182,89.182,89.182,88.303,88.039,88.039,88.215,87.863,87.687,88.039,88.039,87.951,87.335,87.423,87.423,86.983,87.951,86.983,88.303,88.303,88.303,88.391,89.182,88.127,88.303,88.215,84.872,84.872,84.872,89.182,89.182,90.501,90.501,90.237,87.951,87.951,87.951,87.687,87.687,87.775,86.983,87.511,88.303,88.391,88.391,88.303,88.215,87.687,87.775,87.775,88.127,88.127,88.215,86.719,86.456,86.456,87.247,89.798
RMNH.INS.1271318_Cx_territans - CYTB gene,86.016,86.104,86.016,86.016,85.664,85.664,88.566,88.654,88.566,88.742,89.182,84.785,85.664,85.488,85.576,89.534,89.71,89.534,100,99.824,,87.511,87.335,87.511,89.094,89.094,89.094,88.303,88.039,88.039,88.215,87.863,87.687,88.039,88.039,87.951,87.335,87.423,87.423,86.895,87.951,86.895,88.303,88.303,88.303,88.391,89.182,88.127,88.303,88.215,84.872,84.872,84.872,89.182,89.182,90.501,90.501,90.237,87.863,87.863,87.863,87.687,87.687,87.775,86.983,87.511,88.303,88.391,88.391,88.303,88.215,87.687,87.775,87.775,88.127,88.127,88.215,86.719,86.456,86.456,87.247,89.798
RMNH.INS.1271319_Ae_cinereus - CYTB gene,86.016,85.928,85.752,84.697,84.521,84.521,90.325,90.237,90.325,87.687,87.687,83.641,84.697,84.697,84.609,86.104,85.576,85.664,87.511,87.511,87.511,,99.736,99.824,86.895,86.895,86.895,87.687,87.335,87.071,87.599,87.335,87.159,88.918,88.83,88.83,86.807,86.895,86.895,86.631,88.83,86.631,87.423,87.423,87.423,87.335,87.687,88.039,88.215,88.127,84.521,84.521,84.521,87.687,87.687,87.159,87.071,86.895,86.544,86.544,86.544,87.599,87.599,87.599,87.071,87.599,88.215,86.983,86.983,86.895,87.951,89.974,90.062,90.062,86.456,86.456,86.544,88.478,87.951,88.303,99.56,88.83
RMNH.INS.1271320_Ae_cinereus - CYTB gene,85.752,85.664,85.488,84.433,84.433,84.433,90.062,89.974,90.062,87.687,87.687,83.641,84.872,84.872,84.785,86.104,85.4,85.576,87.335,87.335,87.335,99.736,,99.736,86.807,86.807,86.807,87.511,87.159,86.895,87.423,87.159,86.983,88.83,88.742,88.742,86.544,86.631,86.631,86.544,88.742,86.544,87.159,87.159,87.159,87.335,87.687,87.863,88.039,87.951,84.433,84.433,84.433,87.687,87.687,86.895,86.807,86.631,86.544,86.544,86.544,87.599,87.599,87.599,86.807,87.335,88.039,86.807,86.807,86.719,87.687,89.798,89.886,89.886,86.544,86.544,86.631,88.303,87.775,88.303,99.472,88.83
RMNH.INS.1271321_Ae_cinereus - CYTB gene,86.016,85.928,85.752,84.697,84.521,84.521,90.15,90.062,90.15,87.687,87.687,83.641,84.697,84.697,84.609,86.28,85.576,85.664,87.511,87.511,87.511,99.824,99.736,,86.807,86.807,86.807,87.511,87.159,86.895,87.423,87.159,86.983,88.83,88.742,88.742,86.631,86.719,86.719,86.807,88.742,86.807,87.335,87.335,87.335,87.335,87.687,87.863,88.039,87.951,84.609,84.609,84.609,87.687,87.687,86.983,86.895,86.719,86.719,86.719,86.719,87.775,87.775,87.775,86.895,87.423,88.039,86.807,86.807,86.719,87.775,89.798,89.886,89.886,86.456,86.456,86.544,88.478,87.951,88.478,99.56,88.918
RMNH.INS.1271322_Cs_longiareolata - CYTB gene,87.159,87.071,86.631,87.159,86.895,86.895,89.886,89.974,89.886,90.765,90.765,86.368,86.631,86.631,86.719,87.247,87.687,87.687,89.094,89.182,89.094,86.895,86.807,86.807,,100,100,89.094,89.358,89.27,89.094,89.27,89.094,90.15,90.237,90.062,89.006,88.918,88.918,86.983,90.062,86.983,88.303,88.303,88.303,89.886,90.765,89.798,89.974,89.886,85.928,85.928,85.928,90.765,90.765,87.951,87.951,87.687,88.391,88.391,88.391,87.775,87.775,87.863,88.039,88.654,89.974,89.798,89.798,89.534,89.71,89.622,89.622,89.534,88.391,88.391,88.742,87.511,87.511,87.423,86.807,90.941
RMNH.INS.1271323_Cs_longiareolata - CYTB gene,87.159,87.071,86.631,87.159,86.895,86.895,89.886,89.974,89.886,90.765,90.765,86.368,86.631,86.631,86.719,87.247,87.687,87.687,89.094,89.182,89.094,86.895,86.807,86.807,100,,100,89.094,89.358,89.27,89.094,89.27,89.094,90.15,90.237,90.062,89.006,88.918,88.918,86.983,90.062,86.983,88.303,88.303,88.303,89.886,90.765,89.798,89.974,89.886,85.928,85.928,85.928,90.765,90.765,87.951,87.951,87.687,88.391,88.391,88.391,87.775,87.775,87.863,88.039,88.654,89.974,89.798,89.798,89.534,89.71,89.622,89.622,89.534,88.391,88.391,88.742,87.511,87.511,87.423,86.807,90.941
RMNH.INS.1271324_Cs_longiareolata - CYTB gene,87.159,87.071,86.631,87.159,86.895,86.895,89.886,89.974,89.886,90.765,90.765,86.368,86.631,86.631,86.719,87.247,87.687,87.687,89.094,89.182,89.094,86.895,86.807,86.807,100,100,,89.094,89.358,89.27,89.094,89.27,89.094,90.15,90.237,90.062,89.006,88.918,88.918,86.983,90.062,86.983,88.303,88.303,88.303,89.886,90.765,89.798,89.974,89.886,85.928,85.928,85.928,90.765,90.765,87.951,87.951,87.687,88.391,88.391,88.391,87.775,87.775,87.863,88.039,88.654,89.974,89.798,89.798,89.534,89.71,89.622,89.622,89.534,88.391,88.391,88.742,87.511,87.511,87.423,86.807,90.941
RMNH.INS.1271325_Ae_annulipes_cantans - CYTB gene,86.456,86.192,86.192,84.785,84.785,84.785,90.237,90.15,90.237,88.918,89.006,84.521,85.84,85.752,85.928,87.335,87.687,87.335,88.303,88.303,88.303,87.687,87.511,87.511,89.094,89.094,89.094,,99.296,98.417,99.912,98.593,98.417,91.381,91.381,91.293,92.788,92.7,92.7,91.733,91.293,91.733,91.117,91.117,91.117,88.039,89.006,93.668,93.668,93.755,84.96,84.96,84.96,89.006,89.006,88.303,88.303,88.039,87.071,87.071,87.071,91.469,91.469,91.557,91.996,92.788,93.668,96.482,96.482,96.394,93.843,89.534,89.622,89.71,88.654,88.654,88.654,88.478,88.391,88.478,87.511,89.886
RMNH.INS.1271326_Ae_annulipes_cantans - CYTB gene,86.368,86.104,86.104,85.048,85.048,85.048,90.325,90.237,90.325,88.742,88.83,84.345,86.016,85.928,86.104,87.511,87.863,87.511,88.039,88.039,88.039,87.335,87.159,87.159,89.358,89.358,89.358,99.296,,98.769,99.384,98.945,98.769,91.205,91.205,91.117,92.524,92.436,92.436,91.557,91.117,91.557,91.029,91.029,91.029,88.039,88.83,93.755,93.755,93.843,84.785,84.785,84.785,88.83,88.83,88.215,88.215,87.951,86.895,86.895,86.895,91.205,91.205,91.293,92.172,92.964,93.755,96.57,96.57,96.482,93.58,89.622,89.71,89.798,88.742,88.742,88.742,88.566,88.478,88.566,87.159,89.886
RMNH.INS.1271327_Ae_annulipes_cantans - CYTB gene,86.368,86.28,86.104,84.609,84.433,84.433,90.237,90.325,90.237,88.918,89.182,84.609,86.016,85.928,86.104,87.687,88.391,88.039,88.039,88.039,88.039,87.071,86.895,86.895,89.27,89.27,89.27,98.417,98.769,,98.329,98.417,98.241,91.733,91.733,91.645,93.052,92.964,92.964,91.293,91.645,91.293,90.853,90.853,90.853,87.775,89.182,93.404,93.404,93.492,84.785,84.785,84.785,89.182,89.182,88.654,88.654,88.391,87.247,87.247,87.247,91.293,91.293,91.381,92.348,92.612,93.404,96.57,96.57,96.482,93.58,89.446,89.534,89.622,88.742,88.742,88.742,88.039,88.303,88.215,86.895,89.622
RMNH.INS.1271328_Ae_annulipes_cantans - CYTB gene,86.456,86.192,86.192,84.872,84.872,84.872,90.15,90.062,90.15,88.918,89.006,84.521,85.84,85.752,85.928,87.335,87.687,87.335,88.215,88.215,88.215,87.599,87.423,87.423,89.094,89.094,89.094,99.912,99.384,98.329,,98.681,98.505,91.293,91.293,91.205,92.7,92.612,92.612,91.645,91.205,91.645,91.029,91.029,91.029,88.039,89.006,93.58,93.58,93.668,84.96,84.96,84.96,89.006,89.006,88.215,88.215,87.951,87.071,87.071,87.071,91.381,91.381,91.469,91.909,92.7,93.58,96.394,96.394,96.306,93.755,89.446,89.534,89.622,88.566,88.566,88.566,88.391,88.303,88.391,87.423,89.886
RMNH.INS.1271329_Ae_annulipes_cantans - CYTB gene,86.104,85.84,85.84,84.785,84.785,84.785,90.15,90.062,90.15,88.478,88.566,84.081,86.104,86.016,86.192,87.159,87.423,87.071,87.863,87.863,87.863,87.335,87.159,87.159,89.27,89.27,89.27,98.593,98.945,98.417,98.681,,99.824,91.117,91.117,91.029,92.436,92.348,92.348,90.941,91.029,90.941,90.765,90.765,90.765,87.599,88.566,93.228,93.228,93.316,84.609,84.609,84.609,88.566,88.566,87.863,87.863,87.599,86.807,86.807,86.807,90.765,90.765,90.853,91.557,92.524,93.228,96.042,96.042,95.954,93.052,89.182,89.27,89.358,88.478,88.478,88.391,88.478,88.566,88.478,87.159,89.622
RMNH.INS.1271330_Ae_annulipes_cantans - CYTB gene,85.928,85.664,85.664,84.609,84.609,84.609,89.974,89.886,89.974,88.303,88.391,83.905,85.928,85.84,86.016,86.983,87.247,86.895,87.687,87.687,87.687,87.159,86.983,86.983,89.094,89.094,89.094,98.417,98.769,98.241,98.505,99.824,,90.941,90.941,90.853,92.26,92.172,92.172,90.765,90.853,90.765,90.589,90.589,90.589,87.423,88.391,93.052,93.052,93.14,84.433,84.433,84.433,88.391,88.391,87.687,87.687,87.423,86.631,86.631,86.631,90.589,90.589,90.677,91.557,92.524,93.052,95.866,95.866,95.778,93.052,89.006,89.094,89.182,88.303,88.303,88.215,88.303,88.391,88.303,86.983,89.446
RMNH.INS.1271331_Ae_rusticus - CYTB gene,86.807,86.719,86.28,86.28,86.016,86.016,91.293,91.381,91.293,89.094,89.27,84.96,86.631,86.631,86.719,86.895,87.423,87.247,88.039,88.039,88.039,88.918,88.83,88.83,90.15,90.15,90.15,91.381,91.205,91.733,91.293,91.117,90.941,,99.912,99.912,92.348,92.436,92.436,89.71,99.912,89.71,91.469,91.469,91.469,89.006,89.27,92.084,92.172,92.172,86.28,86.28,86.28,89.27,89.27,88.039,88.039,87.863,87.599,87.599,87.599,90.853,90.853,90.941,90.853,91.205,92.172,92.084,92.084,91.645,91.733,90.853,90.941,90.853,89.974,89.974,89.974,88.918,88.83,89.182,88.83,90.765
RMNH.INS.1271332_Ae_rusticus - CYTB gene,86.895,86.807,86.368,86.28,86.016,86.016,91.293,91.381,91.293,89.094,89.27,84.96,86.719,86.719,86.807,86.895,87.423,87.247,88.039,88.039,88.039,88.83,88.742,88.742,90.237,90.237,90.237,91.381,91.205,91.733,91.293,91.117,90.941,99.912,,99.824,92.26,92.348,92.348,89.622,99.824,89.622,91.469,91.469,91.469,89.006,89.27,92.084,92.172,92.172,86.368,86.368,86.368,89.27,89.27,88.039,88.039,87.863,87.599,87.599,87.599,90.765,90.765,90.853,90.853,91.205,92.172,92.084,92.084,91.645,91.733,90.853,90.941,90.853,89.974,89.974,89.974,88.918,88.83,89.182,88.742,90.765
RMNH.INS.1271333_Ae_rusticus - CYTB gene,86.719,86.631,86.192,86.192,85.928,85.928,91.205,91.293,91.205,89.006,89.182,84.872,86.544,86.544,86.631,86.807,87.335,87.159,87.951,87.951,87.951,88.83,88.742,88.742,90.062,90.062,90.062,91.293,91.117,91.645,91.205,91.029,90.853,99.912,99.824,,92.26,92.348,92.348,89.622,99.824,89.622,91.381,91.381,91.381,88.918,89.182,91.996,92.084,92.084,86.192,86.192,86.192,89.182,89.182,87.951,87.951,87.775,87.511,87.511,87.511,90.765,90.765,90.853,90.765,91.117,92.084,91.996,91.996,91.557,91.645,90.765,90.853,90.765,89.886,89.886,89.886,88.83,88.742,89.094,88.742,90.677
RMNH.INS.1271334_Ae_communis - CYTB gene,86.28,86.192,86.104,85.4,85.136,85.136,89.886,89.974,89.886,88.83,89.006,84.521,85.312,85.312,85.4,87.599,88.478,88.127,87.335,87.335,87.335,86.807,86.544,86.631,89.006,89.006,89.006,92.788,92.524,93.052,92.7,92.436,92.26,92.348,92.26,92.26,,99.912,99.912,92.876,92.26,92.876,91.205,91.205,91.205,89.006,89.006,93.668,93.668,93.755,84.96,84.96,84.96,89.006,89.006,88.127,88.127,87.863,87.687,87.687,87.687,91.381,91.381,91.469,92.964,92.876,93.668,93.14,93.14,93.052,92.348,89.622,89.71,89.622,89.71,89.71,89.446,88.127,87.863,88.127,86.631,89.446
RMNH.INS.1271335_Ae_communis - CYTB gene,86.192,86.104,86.016,85.488,85.224,85.224,89.974,90.062,89.974,88.742,88.918,84.433,85.224,85.224,85.312,87.511,88.391,88.039,87.423,87.423,87.423,86.895,86.631,86.719,88.918,88.918,88.918,92.7,92.436,92.964,92.612,92.348,92.172,92.436,92.348,92.348,99.912,,100,92.788,92.348,92.788,91.293,91.293,91.293,88.918,88.918,93.58,93.58,93.668,84.872,84.872,84.872,88.918,88.918,88.039,88.039,87.775,87.599,87.599,87.599,91.293,91.293,91.381,92.876,92.788,93.58,93.052,93.052,92.964,92.26,89.71,89.798,89.71,89.798,89.798,89.534,88.215,87.951,88.215,86.719,89.358
RMNH.INS.1271336_Ae_communis - CYTB gene,86.192,86.104,86.016,85.488,85.224,85.224,89.974,90.062,89.974,88.742,88.918,84.433,85.224,85.224,85.312,87.511,88.391,88.039,87.423,87.423,87.423,86.895,86.631,86.719,88.918,88.918,88.918,92.7,92.436,92.964,92.612,92.348,92.172,92.436,92.348,92.348,99.912,100,,92.788,92.348,92.788,91.293,91.293,91.293,88.918,88.918,93.58,93.58,93.668,84.872,84.872,84.872,88.918,88.918,88.039,88.039,87.775,87.599,87.599,87.599,91.293,91.293,91.381,92.876,92.788,93.58,93.052,93.052,92.964,92.26,89.71,89.798,89.71,89.798,89.798,89.534,88.215,87.951,88.215,86.719,89.358
RMNH.INS.1271337_Ae_punctor - CYTB gene,84.609,84.345,84.521,83.993,83.993,83.993,88.654,88.566,88.654,86.631,86.807,82.674,83.993,83.905,84.081,86.544,86.719,86.456,86.895,86.983,86.895,86.631,86.544,86.807,86.983,86.983,86.983,91.733,91.557,91.293,91.645,90.941,90.765,89.71,89.622,89.622,92.876,92.788,92.788,,89.622,100,90.062,90.062,90.062,86.719,86.807,92.524,92.524,92.612,82.938,82.938,82.938,86.807,86.807,86.28,86.368,86.104,86.544,86.544,86.544,90.325,90.325,90.413,90.501,90.325,92.524,91.469,91.469,91.381,90.501,88.478,88.566,88.478,88.127,88.127,88.039,86.807,86.895,87.247,86.807,88.391
RMNH.INS.1271338_Ae_rusticus - CYTB gene,86.719,86.631,86.192,86.192,85.928,85.928,91.205,91.293,91.205,89.006,89.182,84.872,86.544,86.544,86.631,86.807,87.335,87.159,87.951,87.951,87.951,88.83,88.742,88.742,90.062,90.062,90.062,91.293,91.117,91.645,91.205,91.029,90.853,99.912,99.824,99.824,92.26,92.348,92.348,89.622,,89.622,91.381,91.381,91.381,88.918,89.182,91.996,92.084,92.084,86.192,86.192,86.192,89.182,89.182,87.951,87.951,87.775,87.511,87.511,87.511,90.765,90.765,90.853,90.765,91.117,92.084,91.996,91.996,91.557,91.645,90.765,90.853,90.765,89.886,89.886,89.886,88.83,88.742,89.094,88.742,90.677
RMNH.INS.1271339_Ae_punctor - CYTB gene,84.609,84.345,84.521,83.993,83.993,83.993,88.654,88.566,88.654,86.631,86.807,82.674,83.993,83.905,84.081,86.544,86.719,86.456,86.895,86.983,86.895,86.631,86.544,86.807,86.983,86.983,86.983,91.733,91.557,91.293,91.645,90.941,90.765,89.71,89.622,89.622,92.876,92.788,92.788,100,89.622,,90.062,90.062,90.062,86.719,86.807,92.524,92.524,92.612,82.938,82.938,82.938,86.807,86.807,86.28,86.368,86.104,86.544,86.544,86.544,90.325,90.325,90.413,90.501,90.325,92.524,91.469,91.469,91.381,90.501,88.478,88.566,88.478,88.127,88.127,88.039,86.807,86.895,87.247,86.807,88.391
RMNH.INS.1271340_Ae_geniculatus - CYTB gene,86.28,86.016,86.016,85.312,85.224,85.224,90.237,90.15,90.237,87.599,87.863,83.553,85.488,85.4,85.576,86.983,87.335,86.895,88.303,88.303,88.303,87.423,87.159,87.335,88.303,88.303,88.303,91.117,91.029,90.853,91.029,90.765,90.589,91.469,91.469,91.381,91.205,91.293,91.293,90.062,91.381,90.062,,100,100,87.951,87.863,91.909,91.909,91.996,84.609,84.609,84.609,87.863,87.863,88.215,88.303,88.127,87.599,87.599,87.599,90.062,90.062,89.974,90.413,90.941,91.909,91.293,91.293,91.293,91.557,88.83,88.918,88.83,89.27,89.27,89.446,88.303,88.039,88.566,87.247,89.974
RMNH.INS.1271341_Ae_geniculatus - CYTB gene,86.28,86.016,86.016,85.312,85.224,85.224,90.237,90.15,90.237,87.599,87.863,83.553,85.488,85.4,85.576,86.983,87.335,86.895,88.303,88.303,88.303,87.423,87.159,87.335,88.303,88.303,88.303,91.117,91.029,90.853,91.029,90.765,90.589,91.469,91.469,91.381,91.205,91.293,91.293,90.062,91.381,90.062,100,,100,87.951,87.863,91.909,91.909,91.996,84.609,84.609,84.609,87.863,87.863,88.215,88.303,88.127,87.599,87.599,87.599,90.062,90.062,89.974,90.413,90.941,91.909,91.293,91.293,91.293,91.557,88.83,88.918,88.83,89.27,89.27,89.446,88.303,88.039,88.566,87.247,89.974
RMNH.INS.1271342_Ae_geniculatus - CYTB gene,86.28,86.016,86.016,85.312,85.224,85.224,90.237,90.15,90.237,87.599,87.863,83.553,85.488,85.4,85.576,86.983,87.335,86.895,88.303,88.303,88.303,87.423,87.159,87.335,88.303,88.303,88.303,91.117,91.029,90.853,91.029,90.765,90.589,91.469,91.469,91.381,91.205,91.293,91.293,90.062,91.381,90.062,100,100,,87.951,87.863,91.909,91.909,91.996,84.609,84.609,84.609,87.863,87.863,88.215,88.303,88.127,87.599,87.599,87.599,90.062,90.062,89.974,90.413,90.941,91.909,91.293,91.293,91.293,91.557,88.83,88.918,88.83,89.27,89.27,89.446,88.303,88.039,88.566,87.247,89.974
RMNH.INS.1271344_Cs_subochrea - CYTB gene,86.456,86.368,86.456,85.928,85.664,85.664,89.182,89.27,89.182,96.218,96.482,91.469,85.224,85.224,85.312,87.775,88.215,88.215,88.391,88.391,88.391,87.335,87.335,87.335,89.886,89.886,89.886,88.039,88.039,87.775,88.039,87.599,87.423,89.006,89.006,88.918,89.006,88.918,88.918,86.719,88.918,86.719,87.951,87.951,87.951,,96.482,88.566,88.742,88.654,85.224,85.224,85.224,96.482,96.482,88.039,88.039,87.775,87.687,87.687,87.687,86.895,86.895,86.983,87.423,87.775,88.742,88.303,88.303,88.215,88.303,89.358,89.358,89.27,87.511,87.511,87.423,87.335,87.247,87.687,87.071,90.765
RMNH.INS.1271345_Cs_annulata - CYTB gene,87.159,86.983,86.719,86.28,86.104,86.104,89.886,89.886,89.886,99.472,100,94.811,85.576,85.576,85.664,88.478,88.566,88.391,89.182,89.182,89.182,87.687,87.687,87.687,90.765,90.765,90.765,89.006,88.83,89.182,89.006,88.566,88.391,89.27,89.27,89.182,89.006,88.918,88.918,86.807,89.182,86.807,87.863,87.863,87.863,96.482,,89.094,89.27,89.182,85.752,85.752,85.752,100,100,89.182,89.182,88.918,88.215,88.215,88.215,87.863,87.863,87.951,87.863,88.478,89.27,89.27,89.27,89.006,88.039,89.71,89.71,89.622,87.775,87.775,87.687,86.456,86.544,86.807,87.599,90.941
RMNH.INS.1271346_Ae_caspius - CYTB gene,86.895,86.807,86.544,85.752,85.576,85.576,91.117,91.205,91.117,89.006,89.094,84.609,87.247,87.159,87.335,87.423,88.303,88.039,88.127,88.127,88.127,88.039,87.863,87.863,89.798,89.798,89.798,93.668,93.755,93.404,93.58,93.228,93.052,92.084,92.084,91.996,93.668,93.58,93.58,92.524,91.996,92.524,91.909,91.909,91.909,88.566,89.094,,99.824,99.912,85.752,85.752,85.752,89.094,89.094,88.918,88.918,88.742,88.127,88.127,88.127,92.172,92.172,92.26,92.612,93.14,99.824,93.58,93.58,93.316,92.964,91.029,91.117,91.029,90.237,90.237,90.15,89.534,89.71,89.358,87.951,90.853
RMNH.INS.1271347_Ae_caspius - CYTB gene,87.071,86.983,86.719,85.752,85.576,85.576,91.117,91.205,91.117,89.182,89.27,84.785,87.423,87.335,87.511,87.599,88.478,88.215,88.303,88.303,88.303,88.215,88.039,88.039,89.974,89.974,89.974,93.668,93.755,93.404,93.58,93.228,93.052,92.172,92.172,92.084,93.668,93.58,93.58,92.524,92.084,92.524,91.909,91.909,91.909,88.742,89.27,99.824,,99.912,85.928,85.928,85.928,89.27,89.27,88.742,88.742,88.566,87.951,87.951,87.951,92.348,92.348,92.436,92.612,93.14,100,93.755,93.755,93.492,92.964,91.029,91.117,91.029,90.237,90.237,90.15,89.71,89.886,89.534,88.127,90.853
RMNH.INS.1271348_Ae_caspius - CYTB gene,86.983,86.895,86.631,85.84,85.664,85.664,91.205,91.293,91.205,89.094,89.182,84.697,87.335,87.247,87.423,87.511,88.391,88.127,88.215,88.215,88.215,88.127,87.951,87.951,89.886,89.886,89.886,93.755,93.843,93.492,93.668,93.316,93.14,92.172,92.172,92.084,93.755,93.668,93.668,92.612,92.084,92.612,91.996,91.996,91.996,88.654,89.182,99.912,99.912,,85.84,85.84,85.84,89.182,89.182,88.83,88.83,88.654,88.039,88.039,88.039,92.26,92.26,92.348,92.7,93.228,99.912,93.668,93.668,93.404,93.052,90.941,91.029,90.941,90.325,90.325,90.237,89.622,89.798,89.446,88.039,90.941
RMNH.INS.1271349_An_plumbeus_partial_genome - CYTB gene,88.566,88.478,88.478,83.641,83.465,83.465,86.016,86.104,86.016,85.752,85.752,81.53,89.71,89.622,89.798,84.872,85.136,85.312,84.872,84.872,84.872,84.521,84.433,84.609,85.928,85.928,85.928,84.96,84.785,84.785,84.96,84.609,84.433,86.28,86.368,86.192,84.96,84.872,84.872,82.938,86.192,82.938,84.609,84.609,84.609,85.224,85.752,85.752,85.928,85.84,,100,100,85.752,85.752,86.192,86.28,86.104,83.377,83.377,83.377,84.96,84.96,85.048,83.729,84.433,85.928,84.872,84.872,84.609,84.345,85.576,85.664,85.664,84.169,84.169,84.345,84.521,84.609,84.609,84.697,85.752
RMNH.INS.1271350_An_plumbeus_partial_genome - CYTB gene,88.566,88.478,88.478,83.641,83.465,83.465,86.016,86.104,86.016,85.752,85.752,81.53,89.71,89.622,89.798,84.872,85.136,85.312,84.872,84.872,84.872,84.521,84.433,84.609,85.928,85.928,85.928,84.96,84.785,84.785,84.96,84.609,84.433,86.28,86.368,86.192,84.96,84.872,84.872,82.938,86.192,82.938,84.609,84.609,84.609,85.224,85.752,85.752,85.928,85.84,100,,100,85.752,85.752,86.192,86.28,86.104,83.377,83.377,83.377,84.96,84.96,85.048,83.729,84.433,85.928,84.872,84.872,84.609,84.345,85.576,85.664,85.664,84.169,84.169,84.345,84.521,84.609,84.609,84.697,85.752
RMNH.INS.1271351_An_plumbeus_partial_genome - CYTB gene,88.566,88.478,88.478,83.641,83.465,83.465,86.016,86.104,86.016,85.752,85.752,81.53,89.71,89.622,89.798,84.872,85.136,85.312,84.872,84.872,84.872,84.521,84.433,84.609,85.928,85.928,85.928,84.96,84.785,84.785,84.96,84.609,84.433,86.28,86.368,86.192,84.96,84.872,84.872,82.938,86.192,82.938,84.609,84.609,84.609,85.224,85.752,85.752,85.928,85.84,100,100,,85.752,85.752,86.192,86.28,86.104,83.377,83.377,83.377,84.96,84.96,85.048,83.729,84.433,85.928,84.872,84.872,84.609,84.345,85.576,85.664,85.664,84.169,84.169,84.345,84.521,84.609,84.609,84.697,85.752
RMNH.INS.1271352_Cs_annulata - CYTB gene,87.159,86.983,86.719,86.28,86.104,86.104,89.886,89.886,89.886,99.472,100,94.811,85.576,85.576,85.664,88.478,88.566,88.391,89.182,89.182,89.182,87.687,87.687,87.687,90.765,90.765,90.765,89.006,88.83,89.182,89.006,88.566,88.391,89.27,89.27,89.182,89.006,88.918,88.918,86.807,89.182,86.807,87.863,87.863,87.863,96.482,100,89.094,89.27,89.182,85.752,85.752,85.752,,100,89.182,89.182,88.918,88.215,88.215,88.215,87.863,87.863,87.951,87.863,88.478,89.27,89.27,89.27,89.006,88.039,89.71,89.71,89.622,87.775,87.775,87.687,86.456,86.544,86.807,87.599,90.941
RMNH.INS.1271354_Cs_annulata - CYTB gene,87.159,86.983,86.719,86.28,86.104,86.104,89.886,89.886,89.886,99.472,100,94.811,85.576,85.576,85.664,88.478,88.566,88.391,89.182,89.182,89.182,87.687,87.687,87.687,90.765,90.765,90.765,89.006,88.83,89.182,89.006,88.566,88.391,89.27,89.27,89.182,89.006,88.918,88.918,86.807,89.182,86.807,87.863,87.863,87.863,96.482,100,89.094,89.27,89.182,85.752,85.752,85.752,100,,89.182,89.182,88.918,88.215,88.215,88.215,87.863,87.863,87.951,87.863,88.478,89.27,89.27,89.27,89.006,88.039,89.71,89.71,89.622,87.775,87.775,87.687,86.456,86.544,86.807,87.599,90.941
RMNH.INS.1271355_Cx_pipiens - CYTB gene,87.423,87.159,87.071,85.928,85.752,85.752,88.742,88.654,88.742,88.83,89.182,84.521,84.96,84.785,84.872,91.381,91.645,91.381,90.501,90.501,90.501,87.159,86.895,86.983,87.951,87.951,87.951,88.303,88.215,88.654,88.215,87.863,87.687,88.039,88.039,87.951,88.127,88.039,88.039,86.28,87.951,86.28,88.215,88.215,88.215,88.039,89.182,88.918,88.742,88.83,86.192,86.192,86.192,89.182,89.182,,99.912,99.648,87.951,87.951,87.951,86.983,86.983,87.071,89.446,89.886,88.742,88.478,88.478,88.215,88.039,88.303,88.391,88.303,87.159,87.159,87.247,86.104,86.104,86.016,86.895,89.27
RMNH.INS.1271356_Cx_pipiens - CYTB gene,87.423,87.159,87.071,85.928,85.752,85.752,88.742,88.654,88.742,88.83,89.182,84.521,84.96,84.785,84.872,91.381,91.645,91.381,90.501,90.501,90.501,87.071,86.807,86.895,87.951,87.951,87.951,88.303,88.215,88.654,88.215,87.863,87.687,88.039,88.039,87.951,88.127,88.039,88.039,86.368,87.951,86.368,88.303,88.303,88.303,88.039,89.182,88.918,88.742,88.83,86.28,86.28,86.28,89.182,89.182,99.912,,99.736,88.039,88.039,88.039,86.983,86.983,87.071,89.446,89.886,88.742,88.478,88.478,88.215,88.039,88.215,88.303,88.215,87.159,87.159,87.247,86.104,86.104,86.016,86.807,89.27
RMNH.INS.1271357_Cx_pipiens - CYTB gene,87.247,86.983,86.895,85.664,85.488,85.488,88.478,88.391,88.478,88.566,88.918,84.257,84.785,84.609,84.697,91.117,91.381,91.117,90.237,90.237,90.237,86.895,86.631,86.719,87.687,87.687,87.687,88.039,87.951,88.391,87.951,87.599,87.423,87.863,87.863,87.775,87.863,87.775,87.775,86.104,87.775,86.104,88.127,88.127,88.127,87.775,88.918,88.742,88.566,88.654,86.104,86.104,86.104,88.918,88.918,99.648,99.736,,87.775,87.775,87.775,86.807,86.807,86.895,89.182,89.622,88.566,88.215,88.215,87.951,87.775,88.478,88.566,88.478,86.895,86.895,86.983,85.84,85.84,85.752,86.631,89.006
RMNH.INS.1271358_Cs_morsitans - CYTB gene,84.257,84.169,83.817,84.697,84.345,84.345,87.511,87.599,87.511,87.951,88.215,84.257,83.993,83.993,83.905,86.368,86.368,86.192,87.863,87.951,87.863,86.544,86.544,86.719,88.391,88.391,88.391,87.071,86.895,87.247,87.071,86.807,86.631,87.599,87.599,87.511,87.687,87.599,87.599,86.544,87.511,86.544,87.599,87.599,87.599,87.687,88.215,88.127,87.951,88.039,83.377,83.377,83.377,88.215,88.215,87.951,88.039,87.775,,100,100,88.127,88.127,88.215,86.104,86.544,87.951,87.687,87.687,87.687,87.863,88.215,88.215,88.127,86.456,86.456,86.456,85.752,85.928,86.016,86.368,90.237
RMNH.INS.1271359_Cs_morsitans - CYTB gene,84.257,84.169,83.817,84.697,84.345,84.345,87.511,87.599,87.511,87.951,88.215,84.257,83.993,83.993,83.905,86.368,86.368,86.192,87.863,87.951,87.863,86.544,86.544,86.719,88.391,88.391,88.391,87.071,86.895,87.247,87.071,86.807,86.631,87.599,87.599,87.511,87.687,87.599,87.599,86.544,87.511,86.544,87.599,87.599,87.599,87.687,88.215,88.127,87.951,88.039,83.377,83.377,83.377,88.215,88.215,87.951,88.039,87.775,100,,100,88.127,88.127,88.215,86.104,86.544,87.951,87.687,87.687,87.687,87.863,88.215,88.215,88.127,86.456,86.456,86.456,85.752,85.928,86.016,86.368,90.237
RMNH.INS.1271360_Cs_morsitans - CYTB gene,84.257,84.169,83.817,84.697,84.345,84.345,87.511,87.599,87.511,87.951,88.215,84.257,83.993,83.993,83.905,86.368,86.368,86.192,87.863,87.951,87.863,86.544,86.544,86.719,88.391,88.391,88.391,87.071,86.895,87.247,87.071,86.807,86.631,87.599,87.599,87.511,87.687,87.599,87.599,86.544,87.511,86.544,87.599,87.599,87.599,87.687,88.215,88.127,87.951,88.039,83.377,83.377,83.377,88.215,88.215,87.951,88.039,87.775,100,100,,88.127,88.127,88.215,86.104,86.544,87.951,87.687,87.687,87.687,87.863,88.215,88.215,88.127,86.456,86.456,86.456,85.752,85.928,86.016,86.368,90.237
RMNH.INS.1271361_Ae_sticticus - CYTB gene,86.719,86.631,86.28,84.872,84.521,84.521,88.918,89.006,88.918,87.775,87.863,83.817,85.928,86.016,85.928,86.807,87.071,86.719,87.687,87.687,87.687,87.599,87.599,87.775,87.775,87.775,87.775,91.469,91.205,91.293,91.381,90.765,90.589,90.853,90.765,90.765,91.381,91.293,91.293,90.325,90.765,90.325,90.062,90.062,90.062,86.895,87.863,92.172,92.348,92.26,84.96,84.96,84.96,87.863,87.863,86.983,86.983,86.807,88.127,88.127,88.127,,100,99.912,89.094,89.71,92.348,91.909,91.909,91.469,90.765,88.478,88.566,88.478,89.974,89.974,89.798,87.335,87.423,87.423,87.599,88.83
RMNH.INS.1271362_Ae_sticticus - CYTB gene,86.719,86.631,86.28,84.872,84.521,84.521,88.918,89.006,88.918,87.775,87.863,83.817,85.928,86.016,85.928,86.807,87.071,86.719,87.687,87.687,87.687,87.599,87.599,87.775,87.775,87.775,87.775,91.469,91.205,91.293,91.381,90.765,90.589,90.853,90.765,90.765,91.381,91.293,91.293,90.325,90.765,90.325,90.062,90.062,90.062,86.895,87.863,92.172,92.348,92.26,84.96,84.96,84.96,87.863,87.863,86.983,86.983,86.807,88.127,88.127,88.127,100,,99.912,89.094,89.71,92.348,91.909,91.909,91.469,90.765,88.478,88.566,88.478,89.974,89.974,89.798,87.335,87.423,87.423,87.599,88.83
RMNH.INS.1271363_Ae_sticticus - CYTB gene,86.719,86.631,86.28,84.96,84.609,84.609,89.006,89.094,89.006,87.863,87.951,83.905,85.928,86.016,85.928,86.807,87.071,86.719,87.775,87.775,87.775,87.599,87.599,87.775,87.863,87.863,87.863,91.557,91.293,91.381,91.469,90.853,90.677,90.941,90.853,90.853,91.469,91.381,91.381,90.413,90.853,90.413,89.974,89.974,89.974,86.983,87.951,92.26,92.436,92.348,85.048,85.048,85.048,87.951,87.951,87.071,87.071,86.895,88.215,88.215,88.215,99.912,99.912,,89.182,89.798,92.436,91.996,91.996,91.557,90.853,88.566,88.654,88.566,89.974,89.974,89.798,87.423,87.511,87.511,87.599,88.918
RMNH.INS.1271367_Ae_detritus - CYTB gene,85.224,85.136,84.872,84.785,84.697,84.697,89.182,89.27,89.182,87.687,87.863,83.553,84.609,84.521,84.609,87.687,88.391,88.039,86.983,86.983,86.983,87.071,86.807,86.895,88.039,88.039,88.039,91.996,92.172,92.348,91.909,91.557,91.557,90.853,90.853,90.765,92.964,92.876,92.876,90.501,90.765,90.501,90.413,90.413,90.413,87.423,87.863,92.612,92.612,92.7,83.729,83.729,83.729,87.863,87.863,89.446,89.446,89.182,86.104,86.104,86.104,89.094,89.094,89.182,,98.417,92.612,91.996,91.996,91.909,91.996,88.127,88.215,88.303,88.303,88.303,88.478,87.159,87.071,87.511,87.071,89.798
RMNH.INS.1271368_Ae_detritus - CYTB gene,86.192,85.928,85.84,85.136,85.048,85.048,90.237,90.15,90.237,88.478,88.478,84.169,85.048,84.96,85.048,88.303,88.478,88.127,87.511,87.511,87.511,87.599,87.335,87.423,88.654,88.654,88.654,92.788,92.964,92.612,92.7,92.524,92.524,91.205,91.205,91.117,92.876,92.788,92.788,90.325,91.117,90.325,90.941,90.941,90.941,87.775,88.478,93.14,93.14,93.228,84.433,84.433,84.433,88.478,88.478,89.886,89.886,89.622,86.544,86.544,86.544,89.71,89.71,89.798,98.417,,93.14,92.612,92.612,92.524,92.524,88.918,89.006,89.094,88.742,88.742,88.918,87.775,87.687,87.775,87.423,90.501
RMNH.INS.1271369_Ae_caspius - CYTB gene,87.071,86.983,86.719,85.752,85.576,85.576,91.117,91.205,91.117,89.182,89.27,84.785,87.423,87.335,87.511,87.599,88.478,88.215,88.303,88.303,88.303,88.215,88.039,88.039,89.974,89.974,89.974,93.668,93.755,93.404,93.58,93.228,93.052,92.172,92.172,92.084,93.668,93.58,93.58,92.524,92.084,92.524,91.909,91.909,91.909,88.742,89.27,99.824,100,99.912,85.928,85.928,85.928,89.27,89.27,88.742,88.742,88.566,87.951,87.951,87.951,92.348,92.348,92.436,92.612,93.14,,93.755,93.755,93.492,92.964,91.029,91.117,91.029,90.237,90.237,90.15,89.71,89.886,89.534,88.127,90.853
RMNH.INS.1271370_Ae_flavescens - CYTB gene,86.895,86.631,86.631,85.048,85.048,85.048,90.589,90.501,90.589,89.006,89.27,84.785,86.016,85.928,86.104,88.039,88.478,88.127,88.391,88.391,88.391,86.983,86.807,86.807,89.798,89.798,89.798,96.482,96.57,96.57,96.394,96.042,95.866,92.084,92.084,91.996,93.14,93.052,93.052,91.469,91.996,91.469,91.293,91.293,91.293,88.303,89.27,93.58,93.755,93.668,84.872,84.872,84.872,89.27,89.27,88.478,88.478,88.215,87.687,87.687,87.687,91.909,91.909,91.996,91.996,92.612,93.755,,100,99.56,94.019,89.974,90.062,89.974,89.534,89.534,89.622,89.534,89.446,89.622,86.895,89.622
RMNH.INS.1271371_Ae_flavescens - CYTB gene,86.895,86.631,86.631,85.048,85.048,85.048,90.589,90.501,90.589,89.006,89.27,84.785,86.016,85.928,86.104,88.039,88.478,88.127,88.391,88.391,88.391,86.983,86.807,86.807,89.798,89.798,89.798,96.482,96.57,96.57,96.394,96.042,95.866,92.084,92.084,91.996,93.14,93.052,93.052,91.469,91.996,91.469,91.293,91.293,91.293,88.303,89.27,93.58,93.755,93.668,84.872,84.872,84.872,89.27,89.27,88.478,88.478,88.215,87.687,87.687,87.687,91.909,91.909,91.996,91.996,92.612,93.755,100,,99.56,94.019,89.974,90.062,89.974,89.534,89.534,89.622,89.534,89.446,89.622,86.895,89.622
RMNH.INS.1271372_Ae_flavescens - CYTB gene,86.631,86.368,86.368,84.785,84.785,84.785,90.325,90.237,90.325,88.742,89.006,84.521,85.752,85.664,85.84,87.951,88.391,88.039,88.303,88.303,88.303,86.895,86.719,86.719,89.534,89.534,89.534,96.394,96.482,96.482,96.306,95.954,95.778,91.645,91.645,91.557,93.052,92.964,92.964,91.381,91.557,91.381,91.293,91.293,91.293,88.215,89.006,93.316,93.492,93.404,84.609,84.609,84.609,89.006,89.006,88.215,88.215,87.951,87.687,87.687,87.687,91.469,91.469,91.557,91.909,92.524,93.492,99.56,99.56,,93.931,89.71,89.798,89.71,89.27,89.27,89.358,89.27,89.182,89.358,86.807,89.798
RMNH.INS.1271375_Ae_leucomelas - CYTB gene,86.456,86.192,86.104,84.785,84.697,84.697,89.798,89.71,89.798,88.039,88.039,83.641,85.048,85.048,85.136,87.247,87.423,87.335,88.215,88.215,88.215,87.951,87.687,87.775,89.71,89.71,89.71,93.843,93.58,93.58,93.755,93.052,93.052,91.733,91.733,91.645,92.348,92.26,92.26,90.501,91.645,90.501,91.557,91.557,91.557,88.303,88.039,92.964,92.964,93.052,84.345,84.345,84.345,88.039,88.039,88.039,88.039,87.775,87.863,87.863,87.863,90.765,90.765,90.853,91.996,92.524,92.964,94.019,94.019,93.931,,90.237,90.325,90.237,89.006,89.006,89.094,87.775,88.039,87.863,87.775,90.062
RMNH.INS.1271376_Ae_albopictus - CYTB gene,87.863,87.599,87.335,85.752,85.664,85.664,92.612,92.524,92.612,89.71,89.71,85.4,86.368,86.368,86.456,87.335,87.511,87.423,87.687,87.687,87.687,89.974,89.798,89.798,89.622,89.622,89.622,89.534,89.622,89.446,89.446,89.182,89.006,90.853,90.853,90.765,89.622,89.71,89.71,88.478,90.765,88.478,88.83,88.83,88.83,89.358,89.71,91.029,91.029,90.941,85.576,85.576,85.576,89.71,89.71,88.303,88.215,88.478,88.215,88.215,88.215,88.478,88.478,88.566,88.127,88.918,91.029,89.974,89.974,89.71,90.237,,99.912,99.824,88.742,88.742,88.83,89.798,89.71,89.886,89.798,89.886
RMNH.INS.1271377_Ae_albopictus - CYTB gene,87.951,87.687,87.423,85.84,85.752,85.752,92.7,92.612,92.7,89.71,89.71,85.4,86.456,86.456,86.544,87.423,87.599,87.511,87.775,87.775,87.775,90.062,89.886,89.886,89.622,89.622,89.622,89.622,89.71,89.534,89.534,89.27,89.094,90.941,90.941,90.853,89.71,89.798,89.798,88.566,90.853,88.566,88.918,88.918,88.918,89.358,89.71,91.117,91.117,91.029,85.664,85.664,85.664,89.71,89.71,88.391,88.303,88.566,88.215,88.215,88.215,88.566,88.566,88.654,88.215,89.006,91.117,90.062,90.062,89.798,90.325,99.912,,99.912,88.83,88.83,88.918,89.886,89.798,89.974,89.886,89.886
RMNH.INS.1271378_Ae_albopictus - CYTB gene,87.863,87.599,87.335,85.752,85.664,85.664,92.612,92.524,92.612,89.622,89.622,85.312,86.456,86.456,86.544,87.335,87.511,87.423,87.775,87.775,87.775,90.062,89.886,89.886,89.534,89.534,89.534,89.71,89.798,89.622,89.622,89.358,89.182,90.853,90.853,90.765,89.622,89.71,89.71,88.478,90.765,88.478,88.83,88.83,88.83,89.27,89.622,91.029,91.029,90.941,85.664,85.664,85.664,89.622,89.622,88.303,88.215,88.478,88.127,88.127,88.127,88.478,88.478,88.566,88.303,89.094,91.029,89.974,89.974,89.71,90.237,99.824,99.912,,88.742,88.742,88.83,89.886,89.798,89.974,89.886,89.798
RMNH.INS.1271379_Ae_japonicus - CYTB gene,85.224,85.136,84.872,86.807,86.719,86.719,89.534,89.622,89.534,87.511,87.775,83.729,86.192,86.192,86.28,86.192,86.807,86.807,88.127,88.127,88.127,86.456,86.544,86.456,88.391,88.391,88.391,88.654,88.742,88.742,88.566,88.478,88.303,89.974,89.974,89.886,89.71,89.798,89.798,88.127,89.886,88.127,89.27,89.27,89.27,87.511,87.775,90.237,90.237,90.325,84.169,84.169,84.169,87.775,87.775,87.159,87.159,86.895,86.456,86.456,86.456,89.974,89.974,89.974,88.303,88.742,90.237,89.534,89.534,89.27,89.006,88.742,88.83,88.742,,100,99.472,87.599,87.863,87.863,86.544,89.094
RMNH.INS.1271380_Ae_japonicus - CYTB gene,85.224,85.136,84.872,86.807,86.719,86.719,89.534,89.622,89.534,87.511,87.775,83.729,86.192,86.192,86.28,86.192,86.807,86.807,88.127,88.127,88.127,86.456,86.544,86.456,88.391,88.391,88.391,88.654,88.742,88.742,88.566,88.478,88.303,89.974,89.974,89.886,89.71,89.798,89.798,88.127,89.886,88.127,89.27,89.27,89.27,87.511,87.775,90.237,90.237,90.325,84.169,84.169,84.169,87.775,87.775,87.159,87.159,86.895,86.456,86.456,86.456,89.974,89.974,89.974,88.303,88.742,90.237,89.534,89.534,89.27,89.006,88.742,88.83,88.742,100,,99.472,87.599,87.863,87.863,86.544,89.094
RMNH.INS.1271381_Ae_japonicus - CYTB gene,85.312,85.224,84.96,87.071,86.983,86.983,89.71,89.798,89.71,87.423,87.687,83.641,86.192,86.192,86.28,86.456,86.895,86.895,88.215,88.215,88.215,86.544,86.631,86.544,88.742,88.742,88.742,88.654,88.742,88.742,88.566,88.391,88.215,89.974,89.974,89.886,89.446,89.534,89.534,88.039,89.886,88.039,89.446,89.446,89.446,87.423,87.687,90.15,90.15,90.237,84.345,84.345,84.345,87.687,87.687,87.247,87.247,86.983,86.456,86.456,86.456,89.798,89.798,89.798,88.478,88.918,90.15,89.622,89.622,89.358,89.094,88.83,88.918,88.83,99.472,99.472,,87.687,87.863,87.951,86.631,89.094
RMNH.INS.1271382_Ae_aegypti - CYTB gene,85.576,85.488,85.576,85.4,85.312,85.312,90.237,90.15,90.237,86.368,86.456,82.058,85.928,85.84,86.016,86.104,86.28,85.928,86.719,86.719,86.719,88.478,88.303,88.478,87.511,87.511,87.511,88.478,88.566,88.039,88.391,88.478,88.303,88.918,88.918,88.83,88.127,88.215,88.215,86.807,88.83,86.807,88.303,88.303,88.303,87.335,86.456,89.534,89.71,89.622,84.521,84.521,84.521,86.456,86.456,86.104,86.104,85.84,85.752,85.752,85.752,87.335,87.335,87.423,87.159,87.775,89.71,89.534,89.534,89.27,87.775,89.798,89.886,89.886,87.599,87.599,87.687,,98.417,99.12,88.215,88.566
RMNH.INS.1271383_Ae_aegypti - CYTB gene,85.4,85.136,85.224,85.4,85.488,85.488,89.974,89.886,89.974,86.456,86.544,82.146,85.488,85.4,85.576,85.928,86.192,85.84,86.456,86.456,86.456,87.951,87.775,87.951,87.511,87.511,87.511,88.391,88.478,88.303,88.303,88.566,88.391,88.83,88.83,88.742,87.863,87.951,87.951,86.895,88.742,86.895,88.039,88.039,88.039,87.247,86.544,89.71,89.886,89.798,84.609,84.609,84.609,86.544,86.544,86.104,86.104,85.84,85.928,85.928,85.928,87.423,87.423,87.511,87.071,87.687,89.886,89.446,89.446,89.182,88.039,89.71,89.798,89.798,87.863,87.863,87.863,98.417,,98.417,87.863,88.391
RMNH.INS.1271384_Ae_aegypti - CYTB gene,85.488,85.224,85.312,85.312,85.224,85.224,90.15,90.062,90.15,86.544,86.807,82.41,85.928,85.84,86.016,86.456,86.28,85.928,86.456,86.456,86.456,88.303,88.303,88.478,87.423,87.423,87.423,88.478,88.566,88.215,88.391,88.478,88.303,89.182,89.182,89.094,88.127,88.215,88.215,87.247,89.094,87.247,88.566,88.566,88.566,87.687,86.807,89.358,89.534,89.446,84.609,84.609,84.609,86.807,86.807,86.016,86.016,85.752,86.016,86.016,86.016,87.423,87.423,87.511,87.511,87.775,89.534,89.622,89.622,89.358,87.863,89.886,89.974,89.974,87.863,87.863,87.951,99.12,98.417,,88.215,88.566
RMNH.INS.1271386_Ae_cinereus - CYTB gene,85.928,85.84,85.664,84.521,84.521,84.521,90.237,90.15,90.237,87.599,87.599,83.641,84.785,84.785,84.697,86.104,85.312,85.4,87.247,87.247,87.247,99.56,99.472,99.56,86.807,86.807,86.807,87.511,87.159,86.895,87.423,87.159,86.983,88.83,88.742,88.742,86.631,86.719,86.719,86.807,88.742,86.807,87.247,87.247,87.247,87.071,87.599,87.951,88.127,88.039,84.697,84.697,84.697,87.599,87.599,86.895,86.807,86.631,86.368,86.368,86.368,87.599,87.599,87.599,87.071,87.423,88.127,86.895,86.895,86.807,87.775,89.798,89.886,89.886,86.544,86.544,86.631,88.215,87.863,88.215,,88.83
RMNH.INS.1271389_Cs_ochroptera - CYTB gene,87.071,86.983,86.631,86.368,86.016,86.016,90.062,90.15,90.062,90.765,90.941,86.544,87.599,87.247,87.511,89.358,89.798,89.446,89.798,89.798,89.798,88.83,88.83,88.918,90.941,90.941,90.941,89.886,89.886,89.622,89.886,89.622,89.446,90.765,90.765,90.677,89.446,89.358,89.358,88.391,90.677,88.391,89.974,89.974,89.974,90.765,90.941,90.853,90.853,90.941,85.752,85.752,85.752,90.941,90.941,89.27,89.27,89.006,90.237,90.237,90.237,88.83,88.83,88.918,89.798,90.501,90.853,89.622,89.622,89.798,90.062,89.886,89.886,89.798,89.094,89.094,89.094,88.566,88.391,88.566,88.83,
