,RMNH.INS.1271298_An_messeae - ND5 CDS,RMNH.INS.1271299_An_messeae - ND5 CDS,RMNH.INS.1271300_An_messeae - ND5 CDS,RMNH.INS.1271301_Cq_richiardii - ND5 CDS,RMNH.INS.1271302_Cq_richiardii - ND5 CDS,RMNH.INS.1271303_Cq_richiardii - ND5 CDS,RMNH.INS.1271304_Ae_vexans - ND5 CDS,RMNH.INS.1271305_Ae_vexans - ND5 CDS,RMNH.INS.1271306_Ae_vexans - ND5 CDS,RMNH.INS.1271307_Cs_annulata - ND5 CDS,RMNH.INS.1271308_Cs_annulata - ND5 CDS,RMNH.INS.1271309_Cs_annulata - ND5 CDS,RMNH.INS.1271310_An_claviger - ND5 CDS,RMNH.INS.1271311_An_claviger - ND5 CDS,RMNH.INS.1271312_An_claviger - ND5 CDS,RMNH.INS.1271313_Cx_modestus - ND5 CDS,RMNH.INS.1271314_Cx_modestus - ND5 CDS,RMNH.INS.1271315_Cx_modestus - ND5 CDS,RMNH.INS.1271316_Cx_territans - ND5 CDS,RMNH.INS.1271317_Cx_territans - ND5 CDS,RMNH.INS.1271318_Cx_territans - ND5 CDS,RMNH.INS.1271319_Ae_cinereus_geminus - ND5 CDS,RMNH.INS.1271320_Ae_cinereus_geminus - ND5 CDS,RMNH.INS.1271321_Ae_cinereus_geminus - ND5 CDS,RMNH.INS.1271322_Cs_longiareolata - ND5 CDS,RMNH.INS.1271323_Cs_longiareolata - ND5 CDS,RMNH.INS.1271324_Cs_longiareolata - ND5 CDS,RMNH.INS.1271325_Ae_annulipes_cantans - ND5 CDS,RMNH.INS.1271326_Ae_annulipes_cantans - ND5 CDS,RMNH.INS.1271327_Ae_annulipes_cantans - ND5 CDS,RMNH.INS.1271328_Ae_annulipes_cantans - ND5 CDS,RMNH.INS.1271329_Ae_annulipes_cantans - ND5 CDS,RMNH.INS.1271330_Ae_annulipes_cantans - ND5 CDS,RMNH.INS.1271331_Ae_rusticus - ND5 CDS,RMNH.INS.1271332_Ae_rusticus - ND5 CDS,RMNH.INS.1271333_Ae_rusticus - ND5 CDS,RMNH.INS.1271334_Ae_communis - ND5 CDS,RMNH.INS.1271335_Ae_communis - ND5 CDS,RMNH.INS.1271336_Ae_communis - ND5 CDS,RMNH.INS.1271337_Ae_punctor - ND5 CDS,RMNH.INS.1271338_Ae_rusticus - ND5 CDS,RMNH.INS.1271339_Ae_punctor - ND5 CDS,RMNH.INS.1271340_Ae_geniculatus - ND5 CDS,RMNH.INS.1271341_Ae_geniculatus - ND5 CDS,RMNH.INS.1271342_Ae_geniculatus - ND5 CDS,RMNH.INS.1271344_Cs_subochrea - ND5 CDS,RMNH.INS.1271345_Cs_annulata - ND5 CDS,RMNH.INS.1271346_Ae_caspius - ND5 CDS,RMNH.INS.1271347_Ae_caspius - ND5 CDS,RMNH.INS.1271348_Ae_caspius - ND5 CDS,RMNH.INS.1271349_An_plumbeus - ND5 CDS,RMNH.INS.1271350_An_plumbeus - ND5 CDS,RMNH.INS.1271351_An_plumbeus - ND5 CDS,RMNH.INS.1271352_Cs_annulata - ND5 CDS,RMNH.INS.1271354_Cs_annulata - ND5 CDS,RMNH.INS.1271355_Cx_pipiens - ND5 CDS,RMNH.INS.1271356_Cx_pipiens - ND5 CDS,RMNH.INS.1271357_Cx_pipiens - ND5 CDS,RMNH.INS.1271358_Cs_morsitans - ND5 CDS,RMNH.INS.1271359_Cs_morsitans - ND5 CDS,RMNH.INS.1271360_Cs_morsitans - ND5 CDS,RMNH.INS.1271361_Ae_sticticus - ND5 CDS,RMNH.INS.1271362_Ae_sticticus - ND5 CDS,RMNH.INS.1271363_Ae_sticticus - ND5 CDS,RMNH.INS.1271367_Ae_detritus - ND5 CDS,RMNH.INS.1271368_Ae_detritus - ND5 CDS,RMNH.INS.1271369_Ae_caspius - ND5 CDS,RMNH.INS.1271370_Ae_flavescens - ND5 CDS,RMNH.INS.1271371_Ae_flavescens - ND5 CDS,RMNH.INS.1271372_Ae_flavescens - ND5 CDS,RMNH.INS.1271375_Ae_leucomelas - ND5 CDS,RMNH.INS.1271376_Ae_albopictus - ND5 CDS,RMNH.INS.1271377_Ae_albopictus - ND5 CDS,RMNH.INS.1271378_Ae_albopictus - ND5 CDS,RMNH.INS.1271379_Ae_japonicus - ND5 CDS,RMNH.INS.1271380_Ae_japonicus - ND5 CDS,RMNH.INS.1271381_Ae_japonicus - ND5 CDS,RMNH.INS.1271382_Ae_aegypti - ND5 CDS,RMNH.INS.1271383_Ae_aegypti - ND5 CDS,RMNH.INS.1271384_Ae_aegypti - ND5 CDS,RMNH.INS.1271386_Ae_cinereus_geminus - ND5 CDS,RMNH.INS.1271389_Cs_ochroptera - ND5 CDS
RMNH.INS.1271298_An_messeae - ND5 CDS,,99.827,99.596,82.091,82.091,82.034,84.460,84.287,84.402,86.193,86.366,86.193,88.850,88.735,88.793,84.806,84.749,84.864,84.575,84.575,84.633,84.518,84.575,84.575,83.767,83.767,83.767,85.962,85.962,85.731,85.962,85.615,85.731,85.326,85.384,85.442,85.673,85.731,85.615,83.998,85.384,83.998,84.575,84.575,84.575,85.557,86.251,86.366,86.482,86.424,87.175,87.117,87.175,86.308,86.308,85.153,85.153,85.038,85.159,85.217,85.159,85.038,85.095,85.038,83.882,84.229,86.540,86.077,86.077,86.135,85.153,84.691,84.691,84.749,84.575,84.518,84.691,84.806,85.269,85.326,84.518,84.348
RMNH.INS.1271299_An_messeae - ND5 CDS,99.827,,99.653,82.034,82.034,81.976,84.344,84.171,84.287,86.077,86.251,86.077,88.735,88.619,88.677,84.691,84.633,84.749,84.518,84.518,84.575,84.344,84.402,84.402,83.709,83.709,83.709,85.846,85.846,85.615,85.846,85.500,85.615,85.211,85.269,85.326,85.557,85.615,85.500,83.882,85.269,83.882,84.460,84.460,84.460,85.442,86.135,86.193,86.308,86.251,87.175,87.117,87.175,86.193,86.193,85.038,85.038,84.922,84.986,85.043,84.986,84.864,84.922,84.864,83.767,84.113,86.366,85.904,85.904,85.962,85.038,84.575,84.575,84.633,84.518,84.460,84.633,84.633,85.095,85.153,84.344,84.232
RMNH.INS.1271300_An_messeae - ND5 CDS,99.596,99.653,,81.976,81.976,81.918,84.344,84.171,84.287,86.193,86.366,86.193,88.793,88.677,88.735,84.691,84.633,84.691,84.575,84.575,84.633,84.344,84.402,84.402,83.882,83.882,83.882,85.962,85.962,85.731,85.962,85.673,85.789,85.269,85.326,85.384,85.557,85.615,85.500,83.882,85.326,83.882,84.691,84.691,84.691,85.615,86.251,86.308,86.366,86.251,87.291,87.233,87.291,86.308,86.308,85.153,85.153,85.038,85.101,85.159,85.101,84.922,84.980,84.922,83.940,84.287,86.424,86.135,86.135,86.193,85.269,84.633,84.633,84.691,84.518,84.460,84.633,84.633,85.095,85.153,84.344,84.290
RMNH.INS.1271301_Cq_richiardii - ND5 CDS,82.091,82.034,81.976,,100.000,99.942,83.247,83.305,83.305,85.886,85.944,85.886,82.616,82.501,82.444,85.313,85.255,85.427,83.706,83.649,83.592,84.165,84.223,84.280,84.968,84.968,84.968,85.026,85.026,84.739,84.911,84.682,84.567,85.255,85.313,85.427,84.854,84.739,84.796,83.305,85.313,83.305,84.050,84.050,84.050,85.198,85.829,85.370,85.542,85.427,83.649,83.592,83.649,85.886,85.886,84.509,84.509,84.395,84.111,84.168,84.111,83.878,83.936,83.878,83.936,84.165,85.485,84.911,84.911,84.682,84.968,84.223,84.223,84.280,84.452,84.395,84.452,84.567,84.854,84.854,84.165,84.859
RMNH.INS.1271302_Cq_richiardii - ND5 CDS,82.091,82.034,81.976,100.000,,99.942,83.247,83.305,83.305,85.886,85.944,85.886,82.616,82.501,82.444,85.313,85.255,85.427,83.706,83.649,83.592,84.165,84.223,84.280,84.968,84.968,84.968,85.026,85.026,84.739,84.911,84.682,84.567,85.255,85.313,85.427,84.854,84.739,84.796,83.305,85.313,83.305,84.050,84.050,84.050,85.198,85.829,85.370,85.542,85.427,83.649,83.592,83.649,85.886,85.886,84.509,84.509,84.395,84.111,84.168,84.111,83.878,83.936,83.878,83.936,84.165,85.485,84.911,84.911,84.682,84.968,84.223,84.223,84.280,84.452,84.395,84.452,84.567,84.854,84.854,84.165,84.859
RMNH.INS.1271303_Cq_richiardii - ND5 CDS,82.034,81.976,81.918,99.942,99.942,,83.305,83.362,83.362,85.944,86.001,85.944,82.674,82.559,82.501,85.370,85.313,85.485,83.764,83.706,83.649,84.223,84.280,84.337,84.968,84.968,84.968,85.083,85.083,84.796,84.968,84.739,84.624,85.313,85.370,85.485,84.911,84.796,84.854,83.362,85.370,83.362,84.108,84.108,84.108,85.255,85.886,85.427,85.600,85.485,83.706,83.649,83.706,85.944,85.944,84.567,84.567,84.452,84.168,84.226,84.168,83.936,83.993,83.936,83.993,84.223,85.542,84.968,84.968,84.739,85.026,84.280,84.280,84.337,84.395,84.337,84.395,84.624,84.911,84.911,84.223,84.917
RMNH.INS.1271304_Ae_vexans - ND5 CDS,84.460,84.344,84.344,83.247,83.247,83.305,,99.713,99.885,88.870,89.042,88.870,83.993,84.108,84.050,87.493,87.665,88.009,87.493,87.493,87.435,91.853,91.853,92.025,85.886,85.886,85.886,91.394,91.394,91.624,91.394,91.738,91.566,91.738,91.796,91.853,91.452,91.452,91.394,90.189,91.796,90.189,90.132,90.132,90.132,88.870,88.927,92.656,92.828,92.656,84.567,84.509,84.567,88.985,88.985,87.493,87.493,87.493,86.183,86.241,86.183,90.935,90.878,90.935,90.304,90.476,92.828,91.853,91.853,91.624,91.910,88.927,88.927,88.985,88.870,88.812,88.927,90.189,90.361,90.419,91.738,87.968
RMNH.INS.1271305_Ae_vexans - ND5 CDS,84.287,84.171,84.171,83.305,83.305,83.362,99.713,,99.828,88.755,88.927,88.755,83.993,84.108,84.050,87.493,87.780,88.124,87.378,87.378,87.321,91.968,91.968,92.140,85.944,85.944,85.944,91.394,91.394,91.509,91.394,91.738,91.566,91.738,91.796,91.853,91.394,91.394,91.337,90.247,91.796,90.247,90.132,90.132,90.132,88.870,88.812,92.542,92.714,92.542,84.509,84.452,84.509,88.870,88.870,87.435,87.435,87.435,86.241,86.298,86.241,91.165,91.107,91.165,90.361,90.534,92.714,91.968,91.968,91.738,91.968,88.985,88.985,89.042,88.985,88.927,88.927,90.132,90.419,90.476,91.853,88.025
RMNH.INS.1271306_Ae_vexans - ND5 CDS,84.402,84.287,84.287,83.305,83.305,83.362,99.885,99.828,,88.870,89.042,88.870,83.993,84.108,84.050,87.493,87.780,88.124,87.493,87.493,87.435,91.968,91.968,92.140,85.944,85.944,85.944,91.394,91.394,91.624,91.394,91.738,91.566,91.853,91.910,91.968,91.509,91.509,91.452,90.247,91.910,90.247,90.132,90.132,90.132,88.870,88.927,92.656,92.828,92.656,84.509,84.452,84.509,88.985,88.985,87.550,87.550,87.550,86.241,86.298,86.241,91.050,90.993,91.050,90.361,90.534,92.828,91.968,91.968,91.738,91.968,89.042,89.042,89.099,88.985,88.927,88.927,90.247,90.419,90.476,91.853,88.025
RMNH.INS.1271307_Cs_annulata - ND5 CDS,86.193,86.077,86.193,85.886,85.886,85.944,88.870,88.755,88.870,,99.828,99.771,85.485,85.542,85.600,89.386,89.730,89.902,88.583,88.583,88.526,88.239,88.239,88.353,87.780,87.780,87.780,90.534,90.476,90.361,90.419,90.247,90.189,89.501,89.558,89.616,89.443,89.386,89.386,87.435,89.558,87.435,88.124,88.124,88.124,96.558,99.828,90.476,90.304,90.419,86.345,86.288,86.345,99.885,99.885,90.075,90.075,89.960,88.428,88.486,88.428,88.468,88.526,88.468,88.353,88.526,90.419,90.017,90.017,89.902,89.329,88.353,88.353,88.353,87.665,87.608,87.722,89.271,89.386,89.730,88.239,88.889
RMNH.INS.1271308_Cs_annulata - ND5 CDS,86.366,86.251,86.366,85.944,85.944,86.001,89.042,88.927,89.042,99.828,,99.828,85.542,85.600,85.657,89.443,89.788,89.960,88.755,88.755,88.698,88.411,88.411,88.526,87.837,87.837,87.837,90.591,90.648,90.534,90.591,90.419,90.361,89.673,89.730,89.788,89.501,89.443,89.443,87.608,89.730,87.608,88.296,88.296,88.296,96.500,99.885,90.648,90.476,90.591,86.403,86.345,86.403,99.943,99.943,90.132,90.132,90.017,88.601,88.659,88.601,88.640,88.698,88.640,88.526,88.698,90.591,90.189,90.189,90.075,89.501,88.411,88.411,88.411,87.837,87.780,87.894,89.443,89.558,89.902,88.411,89.062
RMNH.INS.1271309_Cs_annulata - ND5 CDS,86.193,86.077,86.193,85.886,85.886,85.944,88.870,88.755,88.870,99.771,99.828,,85.370,85.427,85.485,89.386,89.730,89.902,88.698,88.698,88.640,88.239,88.239,88.353,87.894,87.894,87.894,90.419,90.476,90.361,90.419,90.247,90.189,89.501,89.558,89.616,89.443,89.386,89.386,87.435,89.558,87.435,88.124,88.124,88.124,96.443,99.828,90.476,90.304,90.419,86.231,86.173,86.231,99.885,99.885,90.075,90.075,89.960,88.428,88.486,88.428,88.468,88.526,88.468,88.353,88.526,90.419,90.017,90.017,89.902,89.329,88.353,88.353,88.353,87.665,87.608,87.722,89.271,89.386,89.730,88.239,88.889
RMNH.INS.1271310_An_claviger - ND5 CDS,88.850,88.735,88.793,82.616,82.616,82.674,83.993,83.993,83.993,85.485,85.542,85.370,,99.542,99.656,84.937,85.281,85.395,84.364,84.364,84.364,84.796,84.854,84.968,83.419,83.419,83.419,85.485,85.542,85.427,85.370,85.313,85.370,84.624,84.682,84.682,85.083,85.083,85.026,83.821,84.682,83.821,84.624,84.624,84.624,85.026,85.427,85.485,85.886,85.370,87.952,87.894,87.952,85.485,85.485,84.651,84.651,84.536,83.765,83.708,83.765,84.682,84.739,84.682,84.108,84.050,85.944,85.600,85.600,85.657,85.370,84.223,84.223,84.280,83.706,83.764,83.878,84.509,85.198,84.854,84.739,83.823
RMNH.INS.1271311_An_claviger - ND5 CDS,88.735,88.619,88.677,82.501,82.501,82.559,84.108,84.108,84.108,85.542,85.600,85.427,99.542,,99.656,84.937,85.281,85.395,84.364,84.364,84.364,84.682,84.739,84.854,83.362,83.362,83.362,85.657,85.714,85.600,85.542,85.485,85.542,84.682,84.739,84.739,85.141,85.141,85.083,83.878,84.739,83.878,84.624,84.624,84.624,85.083,85.485,85.542,85.829,85.427,87.837,87.780,87.837,85.542,85.542,84.651,84.651,84.536,83.995,83.938,83.995,84.739,84.796,84.739,84.280,84.108,85.886,85.772,85.772,85.714,85.485,84.452,84.452,84.509,83.592,83.649,83.764,84.509,85.198,84.854,84.624,83.995
RMNH.INS.1271312_An_claviger - ND5 CDS,88.793,88.677,88.735,82.444,82.444,82.501,84.050,84.050,84.050,85.600,85.657,85.485,99.656,99.656,,84.880,85.223,85.338,84.422,84.422,84.422,84.739,84.796,84.911,83.362,83.362,83.362,85.542,85.600,85.485,85.427,85.370,85.427,84.682,84.739,84.739,85.026,85.026,84.968,83.764,84.739,83.764,84.567,84.567,84.567,85.083,85.542,85.600,85.886,85.485,88.009,87.952,88.009,85.600,85.600,84.593,84.593,84.479,83.880,83.823,83.880,84.739,84.796,84.739,84.165,84.108,85.944,85.657,85.657,85.714,85.370,84.280,84.280,84.337,83.764,83.821,83.936,84.624,85.313,84.968,84.682,83.880
RMNH.INS.1271313_Cx_modestus - ND5 CDS,84.806,84.691,84.691,85.313,85.313,85.370,87.493,87.493,87.493,89.386,89.443,89.386,84.937,84.937,84.880,,98.282,98.225,90.263,90.263,90.149,87.894,87.894,87.894,87.091,87.091,87.091,88.181,88.296,88.124,88.296,88.181,88.124,88.583,88.640,88.698,88.411,88.468,88.353,87.091,88.640,87.091,87.091,87.091,87.091,88.985,89.443,88.755,89.042,88.698,85.198,85.141,85.198,89.501,89.501,93.299,93.299,93.184,86.931,86.989,86.931,86.804,86.862,86.804,87.493,87.493,89.099,88.181,88.181,88.067,88.468,87.435,87.435,87.493,87.493,87.493,87.665,87.550,87.780,87.837,87.837,87.795
RMNH.INS.1271314_Cx_modestus - ND5 CDS,84.749,84.633,84.633,85.255,85.255,85.313,87.665,87.780,87.780,89.730,89.788,89.730,85.281,85.281,85.223,98.282,,99.141,90.493,90.493,90.378,88.239,88.239,88.239,87.321,87.321,87.321,88.411,88.526,88.468,88.411,88.468,88.411,88.870,88.927,88.870,88.812,88.812,88.755,87.665,88.927,87.665,87.722,87.722,87.722,89.271,89.788,88.985,89.329,88.927,85.370,85.313,85.370,89.845,89.845,93.528,93.528,93.414,87.162,87.219,87.162,87.091,87.149,87.091,87.780,87.722,89.443,88.698,88.698,88.583,88.583,87.952,87.952,88.009,87.665,87.665,87.837,87.722,88.181,88.124,88.181,87.910
RMNH.INS.1271315_Cx_modestus - ND5 CDS,84.864,84.749,84.691,85.427,85.427,85.485,88.009,88.124,88.124,89.902,89.960,89.902,85.395,85.395,85.338,98.225,99.141,,90.607,90.607,90.493,88.353,88.353,88.353,87.206,87.206,87.206,88.640,88.755,88.583,88.640,88.640,88.583,89.042,89.099,89.042,88.812,88.812,88.755,87.780,89.099,87.780,87.722,87.722,87.722,89.616,89.960,89.042,89.271,89.042,85.427,85.370,85.427,90.017,90.017,93.814,93.814,93.700,87.219,87.277,87.219,87.263,87.321,87.263,88.009,87.722,89.386,88.985,88.985,88.870,88.698,87.952,87.952,88.009,87.952,87.952,88.009,87.837,88.353,88.353,88.296,88.140
RMNH.INS.1271316_Cx_territans - ND5 CDS,84.575,84.518,84.575,83.706,83.706,83.764,87.493,87.378,87.493,88.583,88.755,88.698,84.364,84.364,84.422,90.263,90.493,90.607,,99.885,99.828,87.722,87.722,87.722,86.976,86.976,86.976,88.583,88.526,88.870,88.698,88.583,88.755,89.042,89.099,89.157,88.181,88.181,88.124,86.690,89.099,86.690,87.263,87.263,87.263,87.837,88.640,88.927,88.985,88.870,84.796,84.739,84.796,88.698,88.698,90.664,90.664,90.550,86.701,86.644,86.701,87.608,87.665,87.608,86.976,86.976,89.099,88.755,88.755,88.640,88.296,86.976,86.976,87.034,86.345,86.403,86.403,87.149,87.493,87.435,87.608,87.162
RMNH.INS.1271317_Cx_territans - ND5 CDS,84.575,84.518,84.575,83.649,83.649,83.706,87.493,87.378,87.493,88.583,88.755,88.698,84.364,84.364,84.422,90.263,90.493,90.607,99.885,,99.714,87.722,87.722,87.722,86.976,86.976,86.976,88.583,88.526,88.870,88.698,88.583,88.755,89.042,89.099,89.157,88.181,88.181,88.124,86.690,89.099,86.690,87.206,87.206,87.206,87.837,88.640,88.927,88.985,88.870,84.796,84.739,84.796,88.698,88.698,90.664,90.664,90.550,86.644,86.586,86.644,87.608,87.665,87.608,86.919,86.919,89.099,88.755,88.755,88.640,88.296,86.976,86.976,87.034,86.288,86.345,86.345,87.206,87.435,87.378,87.608,87.162
RMNH.INS.1271318_Cx_territans - ND5 CDS,84.633,84.575,84.633,83.592,83.592,83.649,87.435,87.321,87.435,88.526,88.698,88.640,84.364,84.364,84.422,90.149,90.378,90.493,99.828,99.714,,87.780,87.780,87.780,87.034,87.034,87.034,88.698,88.640,88.985,88.812,88.698,88.870,89.099,89.157,89.214,88.124,88.124,88.067,86.747,89.157,86.747,87.263,87.263,87.263,87.837,88.583,88.870,88.927,88.812,84.796,84.739,84.796,88.640,88.640,90.664,90.664,90.550,86.816,86.759,86.816,87.608,87.665,87.608,86.919,86.919,89.042,88.812,88.812,88.698,88.239,86.919,86.919,86.976,86.231,86.288,86.288,87.206,87.435,87.493,87.665,87.162
RMNH.INS.1271319_Ae_cinereus_geminus - ND5 CDS,84.518,84.344,84.344,84.165,84.165,84.223,91.853,91.968,91.968,88.239,88.411,88.239,84.796,84.682,84.739,87.894,88.239,88.353,87.722,87.722,87.780,,99.885,99.828,86.059,86.059,86.059,89.960,90.132,89.902,89.960,90.075,89.902,90.820,90.878,90.935,90.534,90.476,90.476,89.501,90.878,89.501,89.157,89.157,89.157,87.780,88.296,91.222,91.509,91.222,83.936,83.878,83.936,88.353,88.353,88.181,88.181,88.067,85.550,85.607,85.550,90.361,90.304,90.361,89.960,90.361,91.566,90.820,90.820,90.706,91.050,88.526,88.526,88.583,88.812,88.812,88.927,89.902,90.534,90.591,99.771,86.874
RMNH.INS.1271320_Ae_cinereus_geminus - ND5 CDS,84.575,84.402,84.402,84.223,84.223,84.280,91.853,91.968,91.968,88.239,88.411,88.239,84.854,84.739,84.796,87.894,88.239,88.353,87.722,87.722,87.780,99.885,,99.828,86.059,86.059,86.059,89.960,90.132,89.902,89.960,90.075,89.902,90.820,90.878,90.935,90.534,90.476,90.476,89.501,90.878,89.501,89.157,89.157,89.157,87.780,88.296,91.222,91.509,91.222,83.993,83.936,83.993,88.353,88.353,88.181,88.181,88.067,85.550,85.607,85.550,90.361,90.304,90.361,89.960,90.361,91.566,90.820,90.820,90.706,91.050,88.526,88.526,88.583,88.812,88.812,88.927,89.902,90.534,90.591,99.771,86.874
RMNH.INS.1271321_Ae_cinereus_geminus - ND5 CDS,84.575,84.402,84.402,84.280,84.280,84.337,92.025,92.140,92.140,88.353,88.526,88.353,84.968,84.854,84.911,87.894,88.239,88.353,87.722,87.722,87.780,99.828,99.828,,86.231,86.231,86.231,90.132,90.304,90.075,90.132,90.247,90.075,90.935,90.993,91.050,90.706,90.648,90.648,89.673,90.993,89.673,89.157,89.157,89.157,87.894,88.411,91.394,91.681,91.394,84.050,83.993,84.050,88.468,88.468,88.181,88.181,88.067,85.723,85.780,85.723,90.534,90.476,90.534,90.075,90.476,91.738,90.993,90.993,90.878,91.222,88.640,88.640,88.698,88.985,88.985,89.099,90.017,90.648,90.706,99.713,87.047
RMNH.INS.1271322_Cs_longiareolata - ND5 CDS,83.767,83.709,83.882,84.968,84.968,84.968,85.886,85.944,85.944,87.780,87.837,87.894,83.419,83.362,83.362,87.091,87.321,87.206,86.976,86.976,87.034,86.059,86.059,86.231,,100.000,100.000,86.575,86.575,86.460,86.575,86.517,86.403,87.321,87.263,87.263,87.263,87.206,87.206,86.001,87.263,86.001,86.001,86.001,86.001,88.124,87.837,87.378,87.378,87.435,83.878,83.821,83.878,87.894,87.894,86.747,86.747,86.632,86.759,86.816,86.759,86.862,86.919,86.862,86.116,86.173,87.435,87.321,87.321,87.263,86.862,85.944,85.944,86.001,86.288,86.288,86.403,86.403,86.747,86.804,86.059,87.277
RMNH.INS.1271323_Cs_longiareolata - ND5 CDS,83.767,83.709,83.882,84.968,84.968,84.968,85.886,85.944,85.944,87.780,87.837,87.894,83.419,83.362,83.362,87.091,87.321,87.206,86.976,86.976,87.034,86.059,86.059,86.231,100.000,,100.000,86.575,86.575,86.460,86.575,86.517,86.403,87.321,87.263,87.263,87.263,87.206,87.206,86.001,87.263,86.001,86.001,86.001,86.001,88.124,87.837,87.378,87.378,87.435,83.878,83.821,83.878,87.894,87.894,86.747,86.747,86.632,86.759,86.816,86.759,86.862,86.919,86.862,86.116,86.173,87.435,87.321,87.321,87.263,86.862,85.944,85.944,86.001,86.288,86.288,86.403,86.403,86.747,86.804,86.059,87.277
RMNH.INS.1271324_Cs_longiareolata - ND5 CDS,83.767,83.709,83.882,84.968,84.968,84.968,85.886,85.944,85.944,87.780,87.837,87.894,83.419,83.362,83.362,87.091,87.321,87.206,86.976,86.976,87.034,86.059,86.059,86.231,100.000,100.000,,86.575,86.575,86.460,86.575,86.517,86.403,87.321,87.263,87.263,87.263,87.206,87.206,86.001,87.263,86.001,86.001,86.001,86.001,88.124,87.837,87.378,87.378,87.435,83.878,83.821,83.878,87.894,87.894,86.747,86.747,86.632,86.759,86.816,86.759,86.862,86.919,86.862,86.116,86.173,87.435,87.321,87.321,87.263,86.862,85.944,85.944,86.001,86.288,86.288,86.403,86.403,86.747,86.804,86.059,87.277
RMNH.INS.1271325_Ae_annulipes_cantans - ND5 CDS,85.962,85.846,85.962,85.026,85.026,85.083,91.394,91.394,91.394,90.534,90.591,90.419,85.485,85.657,85.542,88.181,88.411,88.640,88.583,88.583,88.698,89.960,89.960,90.132,86.575,86.575,86.575,,99.656,98.508,99.885,98.853,98.910,92.369,92.427,92.484,92.484,92.427,92.427,91.738,92.427,91.738,91.279,91.279,91.279,89.730,90.476,94.492,94.607,94.435,85.714,85.657,85.714,90.534,90.534,89.157,89.157,89.042,87.392,87.450,87.392,92.828,92.886,92.828,92.369,92.542,94.722,97.074,97.074,96.787,95.066,90.189,90.189,90.189,90.247,90.247,90.247,90.189,90.534,90.648,89.902,88.601
RMNH.INS.1271326_Ae_annulipes_cantans - ND5 CDS,85.962,85.846,85.962,85.026,85.026,85.083,91.394,91.394,91.394,90.476,90.648,90.476,85.542,85.714,85.600,88.296,88.526,88.755,88.526,88.526,88.640,90.132,90.132,90.304,86.575,86.575,86.575,99.656,,98.623,99.656,98.853,98.910,92.312,92.369,92.427,92.656,92.599,92.599,91.910,92.369,91.910,91.337,91.337,91.337,89.673,90.534,94.492,94.607,94.435,85.600,85.542,85.600,90.591,90.591,89.157,89.157,89.042,87.392,87.450,87.392,92.886,92.943,92.886,92.542,92.714,94.722,97.189,97.189,96.902,95.295,90.304,90.304,90.304,90.419,90.419,90.419,90.304,90.648,90.763,90.075,88.716
RMNH.INS.1271327_Ae_annulipes_cantans - ND5 CDS,85.731,85.615,85.731,84.739,84.739,84.796,91.624,91.509,91.624,90.361,90.534,90.361,85.427,85.600,85.485,88.124,88.468,88.583,88.870,88.870,88.985,89.902,89.902,90.075,86.460,86.460,86.460,98.508,98.623,,98.508,99.082,99.025,92.083,92.140,92.197,92.542,92.484,92.484,91.681,92.140,91.681,91.337,91.337,91.337,89.329,90.419,94.148,94.320,94.091,85.657,85.600,85.657,90.476,90.476,88.985,88.985,88.870,87.450,87.507,87.450,92.369,92.427,92.369,92.312,92.484,94.435,96.959,96.959,96.672,94.779,90.017,90.017,90.017,89.902,89.902,90.017,90.017,90.361,90.419,89.788,88.371
RMNH.INS.1271328_Ae_annulipes_cantans - ND5 CDS,85.962,85.846,85.962,84.911,84.911,84.968,91.394,91.394,91.394,90.419,90.591,90.419,85.370,85.542,85.427,88.296,88.411,88.640,88.698,88.698,88.812,89.960,89.960,90.132,86.575,86.575,86.575,99.885,99.656,98.508,,98.853,98.910,92.369,92.427,92.484,92.484,92.427,92.427,91.738,92.427,91.738,91.279,91.279,91.279,89.616,90.476,94.492,94.607,94.435,85.714,85.657,85.714,90.534,90.534,89.157,89.157,89.042,87.392,87.450,87.392,92.828,92.886,92.828,92.369,92.542,94.722,97.074,97.074,96.787,95.066,90.189,90.189,90.189,90.247,90.247,90.247,90.189,90.534,90.648,89.902,88.601
RMNH.INS.1271329_Ae_annulipes_cantans - ND5 CDS,85.615,85.500,85.673,84.682,84.682,84.739,91.738,91.738,91.738,90.247,90.419,90.247,85.313,85.485,85.370,88.181,88.468,88.640,88.583,88.583,88.698,90.075,90.075,90.247,86.517,86.517,86.517,98.853,98.853,99.082,98.853,,99.713,92.427,92.484,92.542,92.542,92.484,92.484,91.910,92.484,91.910,91.509,91.509,91.509,89.616,90.304,94.205,94.320,94.148,85.714,85.657,85.714,90.361,90.361,89.042,89.042,88.927,87.334,87.392,87.334,92.599,92.656,92.599,92.427,92.656,94.435,97.246,97.246,96.959,94.951,90.132,90.132,90.132,90.189,90.189,90.304,89.902,90.304,90.361,89.960,88.601
RMNH.INS.1271330_Ae_annulipes_cantans - ND5 CDS,85.731,85.615,85.789,84.567,84.567,84.624,91.566,91.566,91.566,90.189,90.361,90.189,85.370,85.542,85.427,88.124,88.411,88.583,88.755,88.755,88.870,89.902,89.902,90.075,86.403,86.403,86.403,98.910,98.910,99.025,98.910,99.713,,92.369,92.427,92.484,92.369,92.312,92.312,91.796,92.427,91.796,91.509,91.509,91.509,89.558,90.247,94.091,94.205,94.033,85.657,85.600,85.657,90.304,90.304,89.099,89.099,88.985,87.277,87.334,87.277,92.427,92.484,92.427,92.255,92.484,94.320,97.131,97.131,96.845,94.779,90.132,90.132,90.132,90.075,90.075,90.189,89.845,90.247,90.304,89.788,88.543
RMNH.INS.1271331_Ae_rusticus - ND5 CDS,85.326,85.211,85.269,85.255,85.255,85.313,91.738,91.738,91.853,89.501,89.673,89.501,84.624,84.682,84.682,88.583,88.870,89.042,89.042,89.042,89.099,90.820,90.820,90.935,87.321,87.321,87.321,92.369,92.312,92.083,92.369,92.427,92.369,,99.943,99.771,91.968,91.853,91.910,90.706,99.943,90.706,90.820,90.820,90.820,89.157,89.558,93.345,93.460,93.287,85.886,85.829,85.886,89.616,89.616,88.985,88.985,88.870,88.025,88.083,88.025,91.165,91.222,91.165,91.222,91.624,93.402,92.771,92.771,92.656,92.714,90.304,90.304,90.361,90.361,90.304,90.361,90.017,90.132,90.304,90.706,88.486
RMNH.INS.1271332_Ae_rusticus - ND5 CDS,85.384,85.269,85.326,85.313,85.313,85.370,91.796,91.796,91.910,89.558,89.730,89.558,84.682,84.739,84.739,88.640,88.927,89.099,89.099,89.099,89.157,90.878,90.878,90.993,87.263,87.263,87.263,92.427,92.369,92.140,92.427,92.484,92.427,99.943,,99.828,92.025,91.910,91.968,90.763,100.000,90.763,90.878,90.878,90.878,89.214,89.616,93.402,93.517,93.345,85.829,85.772,85.829,89.673,89.673,89.042,89.042,88.927,88.083,88.140,88.083,91.222,91.279,91.222,91.279,91.681,93.460,92.828,92.828,92.714,92.771,90.361,90.361,90.419,90.304,90.247,90.304,90.075,90.189,90.361,90.763,88.543
RMNH.INS.1271333_Ae_rusticus - ND5 CDS,85.442,85.326,85.384,85.427,85.427,85.485,91.853,91.853,91.968,89.616,89.788,89.616,84.682,84.739,84.739,88.698,88.870,89.042,89.157,89.157,89.214,90.935,90.935,91.050,87.263,87.263,87.263,92.484,92.427,92.197,92.484,92.542,92.484,99.771,99.828,,92.083,91.968,92.025,90.820,99.828,90.820,90.820,90.820,90.820,89.271,89.673,93.345,93.574,93.287,85.886,85.829,85.886,89.730,89.730,89.042,89.042,88.927,88.025,88.083,88.025,91.279,91.337,91.279,91.337,91.738,93.517,92.886,92.886,92.771,92.828,90.476,90.476,90.534,90.304,90.247,90.304,90.075,90.189,90.361,90.820,88.543
RMNH.INS.1271334_Ae_communis - ND5 CDS,85.673,85.557,85.557,84.854,84.854,84.911,91.452,91.394,91.509,89.443,89.501,89.443,85.083,85.141,85.026,88.411,88.812,88.812,88.181,88.181,88.124,90.534,90.534,90.706,87.263,87.263,87.263,92.484,92.656,92.542,92.484,92.542,92.369,91.968,92.025,92.083,,99.771,99.828,93.746,92.025,93.746,91.509,91.509,91.509,88.985,89.501,93.746,93.804,93.689,84.911,84.854,84.911,89.558,89.558,88.468,88.468,88.468,87.392,87.334,87.392,91.566,91.624,91.566,91.796,91.968,93.861,92.771,92.771,92.599,93.460,89.845,89.845,89.902,89.443,89.386,89.386,90.189,90.247,90.706,90.476,88.486
RMNH.INS.1271335_Ae_communis - ND5 CDS,85.731,85.615,85.615,84.739,84.739,84.796,91.452,91.394,91.509,89.386,89.443,89.386,85.083,85.141,85.026,88.468,88.812,88.812,88.181,88.181,88.124,90.476,90.476,90.648,87.206,87.206,87.206,92.427,92.599,92.484,92.427,92.484,92.312,91.853,91.910,91.968,99.771,,99.771,93.689,91.910,93.689,91.452,91.452,91.452,88.927,89.443,93.746,93.804,93.689,84.796,84.739,84.796,89.501,89.501,88.468,88.468,88.468,87.219,87.162,87.219,91.509,91.566,91.509,91.738,91.910,93.861,92.714,92.714,92.542,93.402,89.730,89.730,89.788,89.329,89.271,89.271,90.132,90.189,90.648,90.419,88.313
RMNH.INS.1271336_Ae_communis - ND5 CDS,85.615,85.500,85.500,84.796,84.796,84.854,91.394,91.337,91.452,89.386,89.443,89.386,85.026,85.083,84.968,88.353,88.755,88.755,88.124,88.124,88.067,90.476,90.476,90.648,87.206,87.206,87.206,92.427,92.599,92.484,92.427,92.484,92.312,91.910,91.968,92.025,99.828,99.771,,93.689,91.968,93.689,91.452,91.452,91.452,88.927,89.443,93.689,93.746,93.632,84.854,84.796,84.854,89.501,89.501,88.411,88.411,88.411,87.219,87.162,87.219,91.509,91.566,91.509,91.738,91.910,93.804,92.714,92.714,92.542,93.402,89.788,89.788,89.845,89.386,89.329,89.329,90.132,90.189,90.648,90.419,88.313
RMNH.INS.1271337_Ae_punctor - ND5 CDS,83.998,83.882,83.882,83.305,83.305,83.362,90.189,90.247,90.247,87.435,87.608,87.435,83.821,83.878,83.764,87.091,87.665,87.780,86.690,86.690,86.747,89.501,89.501,89.673,86.001,86.001,86.001,91.738,91.910,91.681,91.738,91.910,91.796,90.706,90.763,90.820,93.746,93.689,93.689,,90.763,100.000,90.361,90.361,90.361,87.034,87.493,92.197,92.656,92.025,83.362,83.305,83.362,87.550,87.550,87.206,87.206,87.206,86.644,86.586,86.644,90.820,90.763,90.820,90.361,90.476,92.714,91.853,91.853,91.738,92.599,88.124,88.124,88.067,87.952,87.952,88.181,88.468,89.042,88.927,89.386,87.219
RMNH.INS.1271338_Ae_rusticus - ND5 CDS,85.384,85.269,85.326,85.313,85.313,85.370,91.796,91.796,91.910,89.558,89.730,89.558,84.682,84.739,84.739,88.640,88.927,89.099,89.099,89.099,89.157,90.878,90.878,90.993,87.263,87.263,87.263,92.427,92.369,92.140,92.427,92.484,92.427,99.943,100.000,99.828,92.025,91.910,91.968,90.763,,90.763,90.878,90.878,90.878,89.214,89.616,93.402,93.517,93.345,85.829,85.772,85.829,89.673,89.673,89.042,89.042,88.927,88.083,88.140,88.083,91.222,91.279,91.222,91.279,91.681,93.460,92.828,92.828,92.714,92.771,90.361,90.361,90.419,90.304,90.247,90.304,90.075,90.189,90.361,90.763,88.543
RMNH.INS.1271339_Ae_punctor - ND5 CDS,83.998,83.882,83.882,83.305,83.305,83.362,90.189,90.247,90.247,87.435,87.608,87.435,83.821,83.878,83.764,87.091,87.665,87.780,86.690,86.690,86.747,89.501,89.501,89.673,86.001,86.001,86.001,91.738,91.910,91.681,91.738,91.910,91.796,90.706,90.763,90.820,93.746,93.689,93.689,100.000,90.763,,90.361,90.361,90.361,87.034,87.493,92.197,92.656,92.025,83.362,83.305,83.362,87.550,87.550,87.206,87.206,87.206,86.644,86.586,86.644,90.820,90.763,90.820,90.361,90.476,92.714,91.853,91.853,91.738,92.599,88.124,88.124,88.067,87.952,87.952,88.181,88.468,89.042,88.927,89.386,87.219
RMNH.INS.1271340_Ae_geniculatus - ND5 CDS,84.575,84.460,84.691,84.050,84.050,84.108,90.132,90.132,90.132,88.124,88.296,88.124,84.624,84.624,84.567,87.091,87.722,87.722,87.263,87.206,87.263,89.157,89.157,89.157,86.001,86.001,86.001,91.279,91.337,91.337,91.279,91.509,91.509,90.820,90.878,90.820,91.509,91.452,91.452,90.361,90.878,90.361,,100.000,100.000,88.296,88.181,91.968,91.968,91.796,84.854,84.796,84.854,88.239,88.239,87.263,87.263,87.263,87.622,87.565,87.622,90.132,90.189,90.132,90.189,89.960,92.083,91.566,91.566,91.452,91.853,89.443,89.443,89.501,89.042,88.985,89.099,89.329,89.673,89.730,89.157,87.622
RMNH.INS.1271341_Ae_geniculatus - ND5 CDS,84.575,84.460,84.691,84.050,84.050,84.108,90.132,90.132,90.132,88.124,88.296,88.124,84.624,84.624,84.567,87.091,87.722,87.722,87.263,87.206,87.263,89.157,89.157,89.157,86.001,86.001,86.001,91.279,91.337,91.337,91.279,91.509,91.509,90.820,90.878,90.820,91.509,91.452,91.452,90.361,90.878,90.361,100.000,,100.000,88.296,88.181,91.968,91.968,91.796,84.854,84.796,84.854,88.239,88.239,87.263,87.263,87.263,87.622,87.565,87.622,90.132,90.189,90.132,90.189,89.960,92.083,91.566,91.566,91.452,91.853,89.443,89.443,89.501,89.042,88.985,89.099,89.329,89.673,89.730,89.157,87.622
RMNH.INS.1271342_Ae_geniculatus - ND5 CDS,84.575,84.460,84.691,84.050,84.050,84.108,90.132,90.132,90.132,88.124,88.296,88.124,84.624,84.624,84.567,87.091,87.722,87.722,87.263,87.206,87.263,89.157,89.157,89.157,86.001,86.001,86.001,91.279,91.337,91.337,91.279,91.509,91.509,90.820,90.878,90.820,91.509,91.452,91.452,90.361,90.878,90.361,100.000,100.000,,88.296,88.181,91.968,91.968,91.796,84.854,84.796,84.854,88.239,88.239,87.263,87.263,87.263,87.622,87.565,87.622,90.132,90.189,90.132,90.189,89.960,92.083,91.566,91.566,91.452,91.853,89.443,89.443,89.501,89.042,88.985,89.099,89.329,89.673,89.730,89.157,87.622
RMNH.INS.1271344_Cs_subochrea - ND5 CDS,85.557,85.442,85.615,85.198,85.198,85.255,88.870,88.870,88.870,96.558,96.500,96.443,85.026,85.083,85.083,88.985,89.271,89.616,87.837,87.837,87.837,87.780,87.780,87.894,88.124,88.124,88.124,89.730,89.673,89.329,89.616,89.616,89.558,89.157,89.214,89.271,88.985,88.927,88.927,87.034,89.214,87.034,88.296,88.296,88.296,,96.500,89.501,89.386,89.501,86.231,86.173,86.231,96.558,96.558,89.386,89.386,89.271,87.910,87.968,87.910,88.124,88.067,88.124,87.837,88.124,89.501,89.730,89.730,89.616,88.583,88.296,88.296,88.296,87.034,86.976,87.091,88.411,88.812,88.927,87.780,88.774
RMNH.INS.1271345_Cs_annulata - ND5 CDS,86.251,86.135,86.251,85.829,85.829,85.886,88.927,88.812,88.927,99.828,99.885,99.828,85.427,85.485,85.542,89.443,89.788,89.960,88.640,88.640,88.583,88.296,88.296,88.411,87.837,87.837,87.837,90.476,90.534,90.419,90.476,90.304,90.247,89.558,89.616,89.673,89.501,89.443,89.443,87.493,89.616,87.493,88.181,88.181,88.181,96.500,,90.534,90.361,90.476,86.288,86.231,86.288,99.943,99.943,90.132,90.132,90.017,88.486,88.543,88.486,88.526,88.583,88.526,88.411,88.583,90.476,90.075,90.075,89.960,89.386,88.411,88.411,88.411,87.722,87.665,87.780,89.329,89.443,89.788,88.296,88.946
RMNH.INS.1271346_Ae_caspius - ND5 CDS,86.366,86.193,86.308,85.370,85.370,85.427,92.656,92.542,92.656,90.476,90.648,90.476,85.485,85.542,85.600,88.755,88.985,89.042,88.927,88.927,88.870,91.222,91.222,91.394,87.378,87.378,87.378,94.492,94.492,94.148,94.492,94.205,94.091,93.345,93.402,93.345,93.746,93.746,93.689,92.197,93.402,92.197,91.968,91.968,91.968,89.501,90.534,,99.197,99.828,85.026,84.968,85.026,90.591,90.591,89.099,89.099,88.985,88.083,88.025,88.083,93.345,93.402,93.345,92.369,92.656,99.254,94.779,94.779,94.664,94.435,90.361,90.361,90.419,90.820,90.763,90.993,91.279,91.681,91.624,91.165,88.601
RMNH.INS.1271347_Ae_caspius - ND5 CDS,86.482,86.308,86.366,85.542,85.542,85.600,92.828,92.714,92.828,90.304,90.476,90.304,85.886,85.829,85.886,89.042,89.329,89.271,88.985,88.985,88.927,91.509,91.509,91.681,87.378,87.378,87.378,94.607,94.607,94.320,94.607,94.320,94.205,93.460,93.517,93.574,93.804,93.804,93.746,92.656,93.517,92.656,91.968,91.968,91.968,89.386,90.361,99.197,,99.025,85.370,85.313,85.370,90.419,90.419,89.099,89.099,88.985,87.910,87.853,87.910,93.460,93.517,93.460,92.369,92.771,99.828,94.894,94.894,94.779,94.722,90.189,90.189,90.247,91.107,91.165,91.394,91.165,91.681,91.509,91.452,88.428
RMNH.INS.1271348_Ae_caspius - ND5 CDS,86.424,86.251,86.251,85.427,85.427,85.485,92.656,92.542,92.656,90.419,90.591,90.419,85.370,85.427,85.485,88.698,88.927,89.042,88.870,88.870,88.812,91.222,91.222,91.394,87.435,87.435,87.435,94.435,94.435,94.091,94.435,94.148,94.033,93.287,93.345,93.287,93.689,93.689,93.632,92.025,93.345,92.025,91.796,91.796,91.796,89.501,90.476,99.828,99.025,,84.968,84.911,84.968,90.534,90.534,89.042,89.042,88.927,87.910,87.968,87.910,93.402,93.460,93.402,92.312,92.599,99.082,94.779,94.779,94.664,94.378,90.419,90.419,90.476,90.993,90.935,91.165,91.337,91.738,91.681,91.165,88.659
RMNH.INS.1271349_An_plumbeus - ND5 CDS,87.175,87.175,87.291,83.649,83.649,83.706,84.567,84.509,84.509,86.345,86.403,86.231,87.952,87.837,88.009,85.198,85.370,85.427,84.796,84.796,84.796,83.936,83.993,84.050,83.878,83.878,83.878,85.714,85.600,85.657,85.714,85.714,85.657,85.886,85.829,85.886,84.911,84.796,84.854,83.362,85.829,83.362,84.854,84.854,84.854,86.231,86.288,85.026,85.370,84.968,,99.943,100.000,86.345,86.345,84.854,84.854,84.739,84.168,84.226,84.168,83.878,83.936,83.878,83.764,84.165,85.485,85.772,85.772,85.829,85.141,84.624,84.624,84.567,84.223,84.280,84.624,84.911,85.427,85.198,83.936,85.032
RMNH.INS.1271350_An_plumbeus - ND5 CDS,87.117,87.117,87.233,83.592,83.592,83.649,84.509,84.452,84.452,86.288,86.345,86.173,87.894,87.780,87.952,85.141,85.313,85.370,84.739,84.739,84.739,83.878,83.936,83.993,83.821,83.821,83.821,85.657,85.542,85.600,85.657,85.657,85.600,85.829,85.772,85.829,84.854,84.739,84.796,83.305,85.772,83.305,84.796,84.796,84.796,86.173,86.231,84.968,85.313,84.911,99.943,,99.943,86.288,86.288,84.796,84.796,84.682,84.111,84.168,84.111,83.821,83.878,83.821,83.706,84.108,85.427,85.714,85.714,85.772,85.083,84.567,84.567,84.509,84.165,84.223,84.567,84.854,85.370,85.141,83.878,84.974
RMNH.INS.1271351_An_plumbeus - ND5 CDS,87.175,87.175,87.291,83.649,83.649,83.706,84.567,84.509,84.509,86.345,86.403,86.231,87.952,87.837,88.009,85.198,85.370,85.427,84.796,84.796,84.796,83.936,83.993,84.050,83.878,83.878,83.878,85.714,85.600,85.657,85.714,85.714,85.657,85.886,85.829,85.886,84.911,84.796,84.854,83.362,85.829,83.362,84.854,84.854,84.854,86.231,86.288,85.026,85.370,84.968,100.000,99.943,,86.345,86.345,84.854,84.854,84.739,84.168,84.226,84.168,83.878,83.936,83.878,83.764,84.165,85.485,85.772,85.772,85.829,85.141,84.624,84.624,84.567,84.223,84.280,84.624,84.911,85.427,85.198,83.936,85.032
RMNH.INS.1271352_Cs_annulata - ND5 CDS,86.308,86.193,86.308,85.886,85.886,85.944,88.985,88.870,88.985,99.885,99.943,99.885,85.485,85.542,85.600,89.501,89.845,90.017,88.698,88.698,88.640,88.353,88.353,88.468,87.894,87.894,87.894,90.534,90.591,90.476,90.534,90.361,90.304,89.616,89.673,89.730,89.558,89.501,89.501,87.550,89.673,87.550,88.239,88.239,88.239,96.558,99.943,90.591,90.419,90.534,86.345,86.288,86.345,,100.000,90.189,90.189,90.075,88.543,88.601,88.543,88.583,88.640,88.583,88.468,88.640,90.534,90.132,90.132,90.017,89.443,88.468,88.468,88.468,87.780,87.722,87.837,89.386,89.501,89.845,88.353,89.004
RMNH.INS.1271354_Cs_annulata - ND5 CDS,86.308,86.193,86.308,85.886,85.886,85.944,88.985,88.870,88.985,99.885,99.943,99.885,85.485,85.542,85.600,89.501,89.845,90.017,88.698,88.698,88.640,88.353,88.353,88.468,87.894,87.894,87.894,90.534,90.591,90.476,90.534,90.361,90.304,89.616,89.673,89.730,89.558,89.501,89.501,87.550,89.673,87.550,88.239,88.239,88.239,96.558,99.943,90.591,90.419,90.534,86.345,86.288,86.345,100.000,,90.189,90.189,90.075,88.543,88.601,88.543,88.583,88.640,88.583,88.468,88.640,90.534,90.132,90.132,90.017,89.443,88.468,88.468,88.468,87.780,87.722,87.837,89.386,89.501,89.845,88.353,89.004
RMNH.INS.1271355_Cx_pipiens - ND5 CDS,85.153,85.038,85.153,84.509,84.509,84.567,87.493,87.435,87.550,90.075,90.132,90.075,84.651,84.651,84.593,93.299,93.528,93.814,90.664,90.664,90.664,88.181,88.181,88.181,86.747,86.747,86.747,89.157,89.157,88.985,89.157,89.042,89.099,88.985,89.042,89.042,88.468,88.468,88.411,87.206,89.042,87.206,87.263,87.263,87.263,89.386,90.132,89.099,89.099,89.042,84.854,84.796,84.854,90.189,90.189,,100.000,99.885,86.586,86.644,86.586,86.403,86.460,86.403,87.722,87.894,89.214,88.870,88.870,88.755,88.239,88.067,88.067,88.124,86.804,86.747,86.804,87.550,87.837,88.009,88.181,88.025
RMNH.INS.1271356_Cx_pipiens - ND5 CDS,85.153,85.038,85.153,84.509,84.509,84.567,87.493,87.435,87.550,90.075,90.132,90.075,84.651,84.651,84.593,93.299,93.528,93.814,90.664,90.664,90.664,88.181,88.181,88.181,86.747,86.747,86.747,89.157,89.157,88.985,89.157,89.042,89.099,88.985,89.042,89.042,88.468,88.468,88.411,87.206,89.042,87.206,87.263,87.263,87.263,89.386,90.132,89.099,89.099,89.042,84.854,84.796,84.854,90.189,90.189,100.000,,99.885,86.586,86.644,86.586,86.403,86.460,86.403,87.722,87.894,89.214,88.870,88.870,88.755,88.239,88.067,88.067,88.124,86.804,86.747,86.804,87.550,87.837,88.009,88.181,88.025
RMNH.INS.1271357_Cx_pipiens - ND5 CDS,85.038,84.922,85.038,84.395,84.395,84.452,87.493,87.435,87.550,89.960,90.017,89.960,84.536,84.536,84.479,93.184,93.414,93.700,90.550,90.550,90.550,88.067,88.067,88.067,86.632,86.632,86.632,89.042,89.042,88.870,89.042,88.927,88.985,88.870,88.927,88.927,88.468,88.468,88.411,87.206,88.927,87.206,87.263,87.263,87.263,89.271,90.017,88.985,88.985,88.927,84.739,84.682,84.739,90.075,90.075,99.885,99.885,,86.471,86.528,86.471,86.288,86.345,86.288,87.722,87.894,89.099,88.755,88.755,88.640,88.124,87.952,87.952,88.009,86.690,86.632,86.690,87.550,87.722,87.894,88.067,87.910
RMNH.INS.1271358_Cs_morsitans - ND5 CDS,85.159,84.986,85.101,84.111,84.111,84.168,86.183,86.241,86.241,88.428,88.601,88.428,83.765,83.995,83.880,86.931,87.162,87.219,86.701,86.644,86.816,85.550,85.550,85.723,86.759,86.759,86.759,87.392,87.392,87.450,87.392,87.334,87.277,88.025,88.083,88.025,87.392,87.219,87.219,86.644,88.083,86.644,87.622,87.622,87.622,87.910,88.486,88.083,87.910,87.910,84.168,84.111,84.168,88.543,88.543,86.586,86.586,86.471,,99.942,100.000,87.162,87.219,87.162,86.989,87.104,87.910,87.565,87.565,87.507,87.219,86.874,86.874,86.931,85.953,85.895,86.010,86.989,87.104,87.450,85.723,91.767
RMNH.INS.1271359_Cs_morsitans - ND5 CDS,85.217,85.043,85.159,84.168,84.168,84.226,86.241,86.298,86.298,88.486,88.659,88.486,83.708,83.938,83.823,86.989,87.219,87.277,86.644,86.586,86.759,85.607,85.607,85.780,86.816,86.816,86.816,87.450,87.450,87.507,87.450,87.392,87.334,88.083,88.140,88.083,87.334,87.162,87.162,86.586,88.140,86.586,87.565,87.565,87.565,87.968,88.543,88.025,87.853,87.968,84.226,84.168,84.226,88.601,88.601,86.644,86.644,86.528,99.942,,99.942,87.219,87.277,87.219,87.047,87.162,87.853,87.622,87.622,87.565,87.277,86.931,86.931,86.989,86.010,85.953,86.068,87.047,87.162,87.507,85.780,91.825
RMNH.INS.1271360_Cs_morsitans - ND5 CDS,85.159,84.986,85.101,84.111,84.111,84.168,86.183,86.241,86.241,88.428,88.601,88.428,83.765,83.995,83.880,86.931,87.162,87.219,86.701,86.644,86.816,85.550,85.550,85.723,86.759,86.759,86.759,87.392,87.392,87.450,87.392,87.334,87.277,88.025,88.083,88.025,87.392,87.219,87.219,86.644,88.083,86.644,87.622,87.622,87.622,87.910,88.486,88.083,87.910,87.910,84.168,84.111,84.168,88.543,88.543,86.586,86.586,86.471,100.000,99.942,,87.162,87.219,87.162,86.989,87.104,87.910,87.565,87.565,87.507,87.219,86.874,86.874,86.931,85.953,85.895,86.010,86.989,87.104,87.450,85.723,91.767
RMNH.INS.1271361_Ae_sticticus - ND5 CDS,85.038,84.864,84.922,83.878,83.878,83.936,90.935,91.165,91.050,88.468,88.640,88.468,84.682,84.739,84.739,86.804,87.091,87.263,87.608,87.608,87.608,90.361,90.361,90.534,86.862,86.862,86.862,92.828,92.886,92.369,92.828,92.599,92.427,91.165,91.222,91.279,91.566,91.509,91.509,90.820,91.222,90.820,90.132,90.132,90.132,88.124,88.526,93.345,93.460,93.402,83.878,83.821,83.878,88.583,88.583,86.403,86.403,86.288,87.162,87.219,87.162,,99.943,100.000,90.878,91.222,93.517,93.115,93.115,92.943,92.771,88.870,88.870,88.927,88.985,88.985,89.042,90.132,90.476,90.361,90.361,87.450
RMNH.INS.1271362_Ae_sticticus - ND5 CDS,85.095,84.922,84.980,83.936,83.936,83.993,90.878,91.107,90.993,88.526,88.698,88.526,84.739,84.796,84.796,86.862,87.149,87.321,87.665,87.665,87.665,90.304,90.304,90.476,86.919,86.919,86.919,92.886,92.943,92.427,92.886,92.656,92.484,91.222,91.279,91.337,91.624,91.566,91.566,90.763,91.279,90.763,90.189,90.189,90.189,88.067,88.583,93.402,93.517,93.460,83.936,83.878,83.936,88.640,88.640,86.460,86.460,86.345,87.219,87.277,87.219,99.943,,99.943,90.935,91.279,93.574,93.173,93.173,93.001,92.828,88.927,88.927,88.985,89.042,89.042,89.099,90.189,90.534,90.419,90.304,87.507
RMNH.INS.1271363_Ae_sticticus - ND5 CDS,85.038,84.864,84.922,83.878,83.878,83.936,90.935,91.165,91.050,88.468,88.640,88.468,84.682,84.739,84.739,86.804,87.091,87.263,87.608,87.608,87.608,90.361,90.361,90.534,86.862,86.862,86.862,92.828,92.886,92.369,92.828,92.599,92.427,91.165,91.222,91.279,91.566,91.509,91.509,90.820,91.222,90.820,90.132,90.132,90.132,88.124,88.526,93.345,93.460,93.402,83.878,83.821,83.878,88.583,88.583,86.403,86.403,86.288,87.162,87.219,87.162,100.000,99.943,,90.878,91.222,93.517,93.115,93.115,92.943,92.771,88.870,88.870,88.927,88.985,88.985,89.042,90.132,90.476,90.361,90.361,87.450
RMNH.INS.1271367_Ae_detritus - ND5 CDS,83.882,83.767,83.940,83.936,83.936,83.993,90.304,90.361,90.361,88.353,88.526,88.353,84.108,84.280,84.165,87.493,87.780,88.009,86.976,86.919,86.919,89.960,89.960,90.075,86.116,86.116,86.116,92.369,92.542,92.312,92.369,92.427,92.255,91.222,91.279,91.337,91.796,91.738,91.738,90.361,91.279,90.361,90.189,90.189,90.189,87.837,88.411,92.369,92.369,92.312,83.764,83.706,83.764,88.468,88.468,87.722,87.722,87.722,86.989,87.047,86.989,90.878,90.935,90.878,,98.566,92.427,92.484,92.484,92.369,92.599,88.468,88.468,88.468,89.214,89.271,89.386,89.558,89.960,89.902,89.902,87.334
RMNH.INS.1271368_Ae_detritus - ND5 CDS,84.229,84.113,84.287,84.165,84.165,84.223,90.476,90.534,90.534,88.526,88.698,88.526,84.050,84.108,84.108,87.493,87.722,87.722,86.976,86.919,86.919,90.361,90.361,90.476,86.173,86.173,86.173,92.542,92.714,92.484,92.542,92.656,92.484,91.624,91.681,91.738,91.968,91.910,91.910,90.476,91.681,90.476,89.960,89.960,89.960,88.124,88.583,92.656,92.771,92.599,84.165,84.108,84.165,88.640,88.640,87.894,87.894,87.894,87.104,87.162,87.104,91.222,91.279,91.222,98.566,,92.714,92.656,92.656,92.656,92.714,88.526,88.526,88.526,89.386,89.329,89.558,89.845,90.075,90.075,90.304,87.334
RMNH.INS.1271369_Ae_caspius - ND5 CDS,86.540,86.366,86.424,85.485,85.485,85.542,92.828,92.714,92.828,90.419,90.591,90.419,85.944,85.886,85.944,89.099,89.443,89.386,89.099,89.099,89.042,91.566,91.566,91.738,87.435,87.435,87.435,94.722,94.722,94.435,94.722,94.435,94.320,93.402,93.460,93.517,93.861,93.861,93.804,92.714,93.460,92.714,92.083,92.083,92.083,89.501,90.476,99.254,99.828,99.082,85.485,85.427,85.485,90.534,90.534,89.214,89.214,89.099,87.910,87.853,87.910,93.517,93.574,93.517,92.427,92.714,,94.894,94.894,94.779,94.779,90.304,90.304,90.361,91.107,91.165,91.394,91.279,91.796,91.624,91.509,88.543
RMNH.INS.1271370_Ae_flavescens - ND5 CDS,86.077,85.904,86.135,84.911,84.911,84.968,91.853,91.968,91.968,90.017,90.189,90.017,85.600,85.772,85.657,88.181,88.698,88.985,88.755,88.755,88.812,90.820,90.820,90.993,87.321,87.321,87.321,97.074,97.189,96.959,97.074,97.246,97.131,92.771,92.828,92.886,92.771,92.714,92.714,91.853,92.828,91.853,91.566,91.566,91.566,89.730,90.075,94.779,94.894,94.779,85.772,85.714,85.772,90.132,90.132,88.870,88.870,88.755,87.565,87.622,87.565,93.115,93.173,93.115,92.484,92.656,94.894,,100.000,99.598,95.582,90.648,90.648,90.648,90.419,90.419,90.419,90.648,91.107,90.993,90.706,89.062
RMNH.INS.1271371_Ae_flavescens - ND5 CDS,86.077,85.904,86.135,84.911,84.911,84.968,91.853,91.968,91.968,90.017,90.189,90.017,85.600,85.772,85.657,88.181,88.698,88.985,88.755,88.755,88.812,90.820,90.820,90.993,87.321,87.321,87.321,97.074,97.189,96.959,97.074,97.246,97.131,92.771,92.828,92.886,92.771,92.714,92.714,91.853,92.828,91.853,91.566,91.566,91.566,89.730,90.075,94.779,94.894,94.779,85.772,85.714,85.772,90.132,90.132,88.870,88.870,88.755,87.565,87.622,87.565,93.115,93.173,93.115,92.484,92.656,94.894,100.000,,99.598,95.582,90.648,90.648,90.648,90.419,90.419,90.419,90.648,91.107,90.993,90.706,89.062
RMNH.INS.1271372_Ae_flavescens - ND5 CDS,86.135,85.962,86.193,84.682,84.682,84.739,91.624,91.738,91.738,89.902,90.075,89.902,85.657,85.714,85.714,88.067,88.583,88.870,88.640,88.640,88.698,90.706,90.706,90.878,87.263,87.263,87.263,96.787,96.902,96.672,96.787,96.959,96.845,92.656,92.714,92.771,92.599,92.542,92.542,91.738,92.714,91.738,91.452,91.452,91.452,89.616,89.960,94.664,94.779,94.664,85.829,85.772,85.829,90.017,90.017,88.755,88.755,88.640,87.507,87.565,87.507,92.943,93.001,92.943,92.369,92.656,94.779,99.598,99.598,,95.353,90.476,90.476,90.476,90.361,90.361,90.361,90.591,91.050,90.935,90.591,88.889
RMNH.INS.1271375_Ae_leucomelas - ND5 CDS,85.153,85.038,85.269,84.968,84.968,85.026,91.910,91.968,91.968,89.329,89.501,89.329,85.370,85.485,85.370,88.468,88.583,88.698,88.296,88.296,88.239,91.050,91.050,91.222,86.862,86.862,86.862,95.066,95.295,94.779,95.066,94.951,94.779,92.714,92.771,92.828,93.460,93.402,93.402,92.599,92.771,92.599,91.853,91.853,91.853,88.583,89.386,94.435,94.722,94.378,85.141,85.083,85.141,89.443,89.443,88.239,88.239,88.124,87.219,87.277,87.219,92.771,92.828,92.771,92.599,92.714,94.779,95.582,95.582,95.353,,89.902,89.902,89.960,90.476,90.534,90.706,90.419,91.222,91.050,90.935,88.774
RMNH.INS.1271376_Ae_albopictus - ND5 CDS,84.691,84.575,84.633,84.223,84.223,84.280,88.927,88.985,89.042,88.353,88.411,88.353,84.223,84.452,84.280,87.435,87.952,87.952,86.976,86.976,86.919,88.526,88.526,88.640,85.944,85.944,85.944,90.189,90.304,90.017,90.189,90.132,90.132,90.304,90.361,90.476,89.845,89.730,89.788,88.124,90.361,88.124,89.443,89.443,89.443,88.296,88.411,90.361,90.189,90.419,84.624,84.567,84.624,88.468,88.468,88.067,88.067,87.952,86.874,86.931,86.874,88.870,88.927,88.870,88.468,88.526,90.304,90.648,90.648,90.476,89.902,,100.000,99.943,88.698,88.640,88.698,90.419,90.304,90.361,88.526,87.622
RMNH.INS.1271377_Ae_albopictus - ND5 CDS,84.691,84.575,84.633,84.223,84.223,84.280,88.927,88.985,89.042,88.353,88.411,88.353,84.223,84.452,84.280,87.435,87.952,87.952,86.976,86.976,86.919,88.526,88.526,88.640,85.944,85.944,85.944,90.189,90.304,90.017,90.189,90.132,90.132,90.304,90.361,90.476,89.845,89.730,89.788,88.124,90.361,88.124,89.443,89.443,89.443,88.296,88.411,90.361,90.189,90.419,84.624,84.567,84.624,88.468,88.468,88.067,88.067,87.952,86.874,86.931,86.874,88.870,88.927,88.870,88.468,88.526,90.304,90.648,90.648,90.476,89.902,100.000,,99.943,88.698,88.640,88.698,90.419,90.304,90.361,88.526,87.622
RMNH.INS.1271378_Ae_albopictus - ND5 CDS,84.749,84.633,84.691,84.280,84.280,84.337,88.985,89.042,89.099,88.353,88.411,88.353,84.280,84.509,84.337,87.493,88.009,88.009,87.034,87.034,86.976,88.583,88.583,88.698,86.001,86.001,86.001,90.189,90.304,90.017,90.189,90.132,90.132,90.361,90.419,90.534,89.902,89.788,89.845,88.067,90.419,88.067,89.501,89.501,89.501,88.296,88.411,90.419,90.247,90.476,84.567,84.509,84.567,88.468,88.468,88.124,88.124,88.009,86.931,86.989,86.931,88.927,88.985,88.927,88.468,88.526,90.361,90.648,90.648,90.476,89.960,99.943,99.943,,88.755,88.698,88.755,90.476,90.361,90.419,88.583,87.680
RMNH.INS.1271379_Ae_japonicus - ND5 CDS,84.575,84.518,84.518,84.452,84.452,84.395,88.870,88.985,88.985,87.665,87.837,87.665,83.706,83.592,83.764,87.493,87.665,87.952,86.345,86.288,86.231,88.812,88.812,88.985,86.288,86.288,86.288,90.247,90.419,89.902,90.247,90.189,90.075,90.361,90.304,90.304,89.443,89.329,89.386,87.952,90.304,87.952,89.042,89.042,89.042,87.034,87.722,90.820,91.107,90.993,84.223,84.165,84.223,87.780,87.780,86.804,86.804,86.690,85.953,86.010,85.953,88.985,89.042,88.985,89.214,89.386,91.107,90.419,90.419,90.361,90.476,88.698,88.698,88.755,,99.943,99.197,88.583,88.755,88.870,88.755,86.356
RMNH.INS.1271380_Ae_japonicus - ND5 CDS,84.518,84.460,84.460,84.395,84.395,84.337,88.812,88.927,88.927,87.608,87.780,87.608,83.764,83.649,83.821,87.493,87.665,87.952,86.403,86.345,86.288,88.812,88.812,88.985,86.288,86.288,86.288,90.247,90.419,89.902,90.247,90.189,90.075,90.304,90.247,90.247,89.386,89.271,89.329,87.952,90.247,87.952,88.985,88.985,88.985,86.976,87.665,90.763,91.165,90.935,84.280,84.223,84.280,87.722,87.722,86.747,86.747,86.632,85.895,85.953,85.895,88.985,89.042,88.985,89.271,89.329,91.165,90.419,90.419,90.361,90.534,88.640,88.640,88.698,99.943,,99.254,88.526,88.812,88.812,88.755,86.356
RMNH.INS.1271381_Ae_japonicus - ND5 CDS,84.691,84.633,84.633,84.452,84.452,84.395,88.927,88.927,88.927,87.722,87.894,87.722,83.878,83.764,83.936,87.665,87.837,88.009,86.403,86.345,86.288,88.927,88.927,89.099,86.403,86.403,86.403,90.247,90.419,90.017,90.247,90.304,90.189,90.361,90.304,90.304,89.386,89.271,89.329,88.181,90.304,88.181,89.099,89.099,89.099,87.091,87.780,90.993,91.394,91.165,84.624,84.567,84.624,87.837,87.837,86.804,86.804,86.690,86.010,86.068,86.010,89.042,89.099,89.042,89.386,89.558,91.394,90.419,90.419,90.361,90.706,88.698,88.698,88.755,99.197,99.254,,88.583,89.042,88.870,88.870,86.528
RMNH.INS.1271382_Ae_aegypti - ND5 CDS,84.806,84.633,84.633,84.567,84.567,84.624,90.189,90.132,90.247,89.271,89.443,89.271,84.509,84.509,84.624,87.550,87.722,87.837,87.149,87.206,87.206,89.902,89.902,90.017,86.403,86.403,86.403,90.189,90.304,90.017,90.189,89.902,89.845,90.017,90.075,90.075,90.189,90.132,90.132,88.468,90.075,88.468,89.329,89.329,89.329,88.411,89.329,91.279,91.165,91.337,84.911,84.854,84.911,89.386,89.386,87.550,87.550,87.550,86.989,87.047,86.989,90.132,90.189,90.132,89.558,89.845,91.279,90.648,90.648,90.591,90.419,90.419,90.419,90.476,88.583,88.526,88.583,,97.935,98.623,89.960,87.392
RMNH.INS.1271383_Ae_aegypti - ND5 CDS,85.269,85.095,85.095,84.854,84.854,84.911,90.361,90.419,90.419,89.386,89.558,89.386,85.198,85.198,85.313,87.780,88.181,88.353,87.493,87.435,87.435,90.534,90.534,90.648,86.747,86.747,86.747,90.534,90.648,90.361,90.534,90.304,90.247,90.132,90.189,90.189,90.247,90.189,90.189,89.042,90.189,89.042,89.673,89.673,89.673,88.812,89.443,91.681,91.681,91.738,85.427,85.370,85.427,89.501,89.501,87.837,87.837,87.722,87.104,87.162,87.104,90.476,90.534,90.476,89.960,90.075,91.796,91.107,91.107,91.050,91.222,90.304,90.304,90.361,88.755,88.812,89.042,97.935,,99.197,90.476,87.910
RMNH.INS.1271384_Ae_aegypti - ND5 CDS,85.326,85.153,85.153,84.854,84.854,84.911,90.419,90.476,90.476,89.730,89.902,89.730,84.854,84.854,84.968,87.837,88.124,88.353,87.435,87.378,87.493,90.591,90.591,90.706,86.804,86.804,86.804,90.648,90.763,90.419,90.648,90.361,90.304,90.304,90.361,90.361,90.706,90.648,90.648,88.927,90.361,88.927,89.730,89.730,89.730,88.927,89.788,91.624,91.509,91.681,85.198,85.141,85.198,89.845,89.845,88.009,88.009,87.894,87.450,87.507,87.450,90.361,90.419,90.361,89.902,90.075,91.624,90.993,90.993,90.935,91.050,90.361,90.361,90.419,88.870,88.812,88.870,98.623,99.197,,90.648,88.025
RMNH.INS.1271386_Ae_cinereus_geminus - ND5 CDS,84.518,84.344,84.344,84.165,84.165,84.223,91.738,91.853,91.853,88.239,88.411,88.239,84.739,84.624,84.682,87.837,88.181,88.296,87.608,87.608,87.665,99.771,99.771,99.713,86.059,86.059,86.059,89.902,90.075,89.788,89.902,89.960,89.788,90.706,90.763,90.820,90.476,90.419,90.419,89.386,90.763,89.386,89.157,89.157,89.157,87.780,88.296,91.165,91.452,91.165,83.936,83.878,83.936,88.353,88.353,88.181,88.181,88.067,85.723,85.780,85.723,90.361,90.304,90.361,89.902,90.304,91.509,90.706,90.706,90.591,90.935,88.526,88.526,88.583,88.755,88.755,88.870,89.960,90.476,90.648,,86.759
RMNH.INS.1271389_Cs_ochroptera - ND5 CDS,84.348,84.232,84.290,84.859,84.859,84.917,87.968,88.025,88.025,88.889,89.062,88.889,83.823,83.995,83.880,87.795,87.910,88.140,87.162,87.162,87.162,86.874,86.874,87.047,87.277,87.277,87.277,88.601,88.716,88.371,88.601,88.601,88.543,88.486,88.543,88.543,88.486,88.313,88.313,87.219,88.543,87.219,87.622,87.622,87.622,88.774,88.946,88.601,88.428,88.659,85.032,84.974,85.032,89.004,89.004,88.025,88.025,87.910,91.767,91.825,91.767,87.450,87.507,87.450,87.334,87.334,88.543,89.062,89.062,88.889,88.774,87.622,87.622,87.680,86.356,86.356,86.528,87.392,87.910,88.025,86.759,
