,RMNH.INS.1271298_An_messeae - rrnL gene,RMNH.INS.1271299_An_messeae - rrnL gene,RMNH.INS.1271300_An_messeae - rrnL gene,RMNH.INS.1271301_Cq_richiardii - rrnL gene,RMNH.INS.1271302_Cq_richiardii - rrnL gene,RMNH.INS.1271303_Cq_richiardii - rrnL gene,RMNH.INS.1271304_Ae_vexans - rrnL gene,RMNH.INS.1271305_Ae_vexans - rrnL gene,RMNH.INS.1271306_Ae_vexans - rrnL gene,RMNH.INS.1271307_Cs_annulata - rrnL gene,RMNH.INS.1271308_Cs_annulata - rrnL gene,RMNH.INS.1271309_Cs_annulata - rrnL gene,RMNH.INS.1271310_An_claviger - rrnL gene,RMNH.INS.1271311_An_claviger - rrnL gene,RMNH.INS.1271312_An_claviger - rrnL gene,RMNH.INS.1271313_Cx_modestus - rrnL gene,RMNH.INS.1271314_Cx_modestus - rrnL gene,RMNH.INS.1271315_Cx_modestus - rrnL gene,RMNH.INS.1271316_Cx_territans - rrnL gene,RMNH.INS.1271317_Cx_territans - rrnL gene,RMNH.INS.1271318_Cx_territans - rrnL gene,RMNH.INS.1271319_Ae_cinereus_geminus - rrnL gene,RMNH.INS.1271320_Ae_cinereus_geminus - rrnL gene,RMNH.INS.1271321_Ae_cinereus_geminus - rrnL gene,RMNH.INS.1271322_Cs_longiareolata - rrnL gene,RMNH.INS.1271323_Cs_longiareolata - rrnL gene,RMNH.INS.1271324_Cs_longiareolata - rrnL gene,RMNH.INS.1271325_Ae_annulipes_cantans - rrnL gene,RMNH.INS.1271326_Ae_annulipes_cantans - rrnL gene,RMNH.INS.1271327_Ae_annulipes_cantans - rrnL gene,RMNH.INS.1271328_Ae_annulipes_cantans - rrnL gene,RMNH.INS.1271329_Ae_annulipes_cantans - rrnL gene,RMNH.INS.1271330_Ae_annulipes_cantans - rrnL gene,RMNH.INS.1271331_Ae_rusticus - rrnL gene,RMNH.INS.1271332_Ae_rusticus - rrnL gene,RMNH.INS.1271333_Ae_rusticus - rrnL gene,RMNH.INS.1271334_Ae_communis - rrnL gene,RMNH.INS.1271335_Ae_communis - rrnL gene,RMNH.INS.1271336_Ae_communis - rrnL gene,RMNH.INS.1271337_Ae_punctor - rrnL gene,RMNH.INS.1271338_Ae_rusticus - rrnL gene,RMNH.INS.1271339_Ae_punctor - rrnL gene,RMNH.INS.1271340_Ae_geniculatus - rrnL gene,RMNH.INS.1271341_Ae_geniculatus - rrnL gene,RMNH.INS.1271342_Ae_geniculatus - rrnL gene,RMNH.INS.1271344_Cs_subochrea - rrnL gene,RMNH.INS.1271345_Cs_annulata - rrnL gene,RMNH.INS.1271346_Ae_caspius - rrnL gene,RMNH.INS.1271347_Ae_caspius - rrnL gene,RMNH.INS.1271348_Ae_caspius - rrnL gene,RMNH.INS.1271349_An_plumbeus - rrnL gene,RMNH.INS.1271350_An_plumbeus - rrnL gene,RMNH.INS.1271351_An_plumbeus - rrnL gene,RMNH.INS.1271352_Cs_annulata - rrnL gene,RMNH.INS.1271354_Cs_annulata - rrnL gene,RMNH.INS.1271355_Cx_pipiens - rrnL gene,RMNH.INS.1271356_Cx_pipiens - rrnL gene,RMNH.INS.1271357_Cx_pipiens - rrnL gene,RMNH.INS.1271358_Cs_morsitans - rrnL gene,RMNH.INS.1271359_Cs_morsitans - rrnL gene,RMNH.INS.1271360_Cs_morsitans - rrnL gene,RMNH.INS.1271361_Ae_sticticus - rrnL gene,RMNH.INS.1271362_Ae_sticticus - rrnL gene,RMNH.INS.1271363_Ae_sticticus - rrnL gene,RMNH.INS.1271367_Ae_detritus - rrnL gene,RMNH.INS.1271368_Ae_detritus - rrnL gene,RMNH.INS.1271369_Ae_caspius - rrnL gene,RMNH.INS.1271370_Ae_flavescens - rrnL gene,RMNH.INS.1271371_Ae_flavescens - rrnL gene,RMNH.INS.1271372_Ae_flavescens - rrnL gene,RMNH.INS.1271375_Ae_leucomelas - rrnL gene,RMNH.INS.1271376_Ae_albopictus - rrnL gene,RMNH.INS.1271377_Ae_albopictus - rrnL gene,RMNH.INS.1271378_Ae_albopictus - rrnL gene,RMNH.INS.1271379_Ae_japonicus - rrnL gene,RMNH.INS.1271380_Ae_japonicus - rrnL gene,RMNH.INS.1271381_Ae_japonicus - rrnL gene,RMNH.INS.1271382_Ae_aegypti - rrnL gene,RMNH.INS.1271383_Ae_aegypti - rrnL gene,RMNH.INS.1271384_Ae_aegypti - rrnL gene,RMNH.INS.1271386_Ae_cinereus_geminus - rrnL gene,RMNH.INS.1271389_Cs_ochroptera - rrnL gene
RMNH.INS.1271298_An_messeae - rrnL gene,,99.853,99.853,86.122,86.122,86.122,87.294,87.444,87.294,87.162,87.162,87.162,96.041,96.041,95.968,87.528,87.323,87.379,87.289,87.289,87.289,86.472,86.472,86.547,85.779,85.779,85.779,87.080,87.155,87.155,87.080,87.229,87.229,86.940,86.940,86.940,86.622,86.472,86.547,86.088,86.940,86.088,87.453,87.453,87.453,86.917,87.162,86.940,86.940,86.940,93.906,93.979,93.906,87.162,87.162,87.201,87.126,87.126,86.907,86.983,86.907,86.706,86.632,86.706,87.294,87.220,86.866,87.229,87.229,87.229,87.090,87.145,87.145,87.210,86.503,86.503,86.503,87.444,87.519,87.519,86.547,87.500
RMNH.INS.1271299_An_messeae - rrnL gene,99.853,,100.000,86.047,86.047,86.047,87.369,87.519,87.369,87.237,87.237,87.237,95.968,95.968,95.894,87.603,87.397,87.453,87.362,87.362,87.362,86.547,86.547,86.622,85.779,85.779,85.779,87.080,87.155,87.155,87.080,87.229,87.229,87.015,87.015,87.015,86.622,86.472,86.547,86.088,87.015,86.088,87.453,87.453,87.453,86.992,87.237,86.940,86.940,86.940,93.833,93.906,93.833,87.237,87.237,87.275,87.201,87.201,86.983,87.058,86.983,86.706,86.632,86.706,87.294,87.220,86.866,87.229,87.229,87.229,87.090,87.145,87.145,87.210,86.503,86.503,86.503,87.519,87.593,87.593,86.622,87.575
RMNH.INS.1271300_An_messeae - rrnL gene,99.853,100.000,,86.047,86.047,86.047,87.369,87.519,87.369,87.237,87.237,87.237,95.968,95.968,95.894,87.603,87.397,87.453,87.362,87.362,87.362,86.547,86.547,86.622,85.779,85.779,85.779,87.080,87.155,87.155,87.080,87.229,87.229,87.015,87.015,87.015,86.622,86.472,86.547,86.088,87.015,86.088,87.453,87.453,87.453,86.992,87.237,86.940,86.940,86.940,93.833,93.906,93.833,87.237,87.237,87.275,87.201,87.201,86.983,87.058,86.983,86.706,86.632,86.706,87.294,87.220,86.866,87.229,87.229,87.229,87.090,87.145,87.145,87.210,86.503,86.503,86.503,87.519,87.593,87.593,86.622,87.575
RMNH.INS.1271301_Cq_richiardii - rrnL gene,86.122,86.047,86.047,,100.000,100.000,91.210,91.210,91.210,91.304,91.304,91.304,86.517,86.517,86.517,90.180,89.970,90.030,90.015,89.939,90.015,91.059,91.059,91.134,89.940,89.940,89.940,91.673,91.673,91.598,91.673,91.748,91.748,91.754,91.754,91.754,91.141,91.066,91.141,90.315,91.754,90.315,91.673,91.673,91.673,91.592,91.304,91.454,91.379,91.454,86.347,86.347,86.347,91.304,91.304,89.880,89.805,89.805,91.059,91.210,91.134,91.523,91.448,91.523,91.366,91.291,91.304,91.673,91.673,91.523,91.529,90.773,90.773,90.841,90.807,90.807,90.658,90.616,90.541,90.691,91.134,91.360
RMNH.INS.1271302_Cq_richiardii - rrnL gene,86.122,86.047,86.047,100.000,,100.000,91.210,91.210,91.210,91.304,91.304,91.304,86.517,86.517,86.517,90.180,89.970,90.030,90.015,89.939,90.015,91.059,91.059,91.134,89.940,89.940,89.940,91.673,91.673,91.598,91.673,91.748,91.748,91.754,91.754,91.754,91.141,91.066,91.141,90.315,91.754,90.315,91.673,91.673,91.673,91.592,91.304,91.454,91.379,91.454,86.347,86.347,86.347,91.304,91.304,89.880,89.805,89.805,91.059,91.210,91.134,91.523,91.448,91.523,91.366,91.291,91.304,91.673,91.673,91.523,91.529,90.773,90.773,90.841,90.807,90.807,90.658,90.616,90.541,90.691,91.134,91.360
RMNH.INS.1271303_Cq_richiardii - rrnL gene,86.122,86.047,86.047,100.000,100.000,,91.210,91.210,91.210,91.304,91.304,91.304,86.517,86.517,86.517,90.180,89.970,90.030,90.015,89.939,90.015,91.059,91.059,91.134,89.940,89.940,89.940,91.673,91.673,91.598,91.673,91.748,91.748,91.754,91.754,91.754,91.141,91.066,91.141,90.315,91.754,90.315,91.673,91.673,91.673,91.592,91.304,91.454,91.379,91.454,86.347,86.347,86.347,91.304,91.304,89.880,89.805,89.805,91.059,91.210,91.134,91.523,91.448,91.523,91.366,91.291,91.304,91.673,91.673,91.523,91.529,90.773,90.773,90.841,90.807,90.807,90.658,90.616,90.541,90.691,91.134,91.360
RMNH.INS.1271304_Ae_vexans - rrnL gene,87.294,87.369,87.369,91.210,91.210,91.210,,99.850,99.850,94.436,94.436,94.436,87.239,87.239,87.239,93.269,93.129,93.194,93.298,93.223,93.298,95.581,95.581,95.655,92.927,92.927,92.927,97.457,97.532,97.532,97.457,97.532,97.532,97.833,97.833,97.833,96.856,96.781,96.856,96.554,97.833,96.554,97.083,97.083,97.083,94.578,94.436,97.683,97.758,97.683,87.444,87.444,87.444,94.436,94.436,93.103,93.028,93.028,94.122,94.273,94.197,96.784,96.709,96.709,96.709,96.707,97.683,97.532,97.532,97.532,97.309,95.359,95.359,95.431,95.678,95.678,95.529,97.154,97.079,97.228,95.655,94.796
RMNH.INS.1271305_Ae_vexans - rrnL gene,87.444,87.519,87.519,91.210,91.210,91.210,99.850,,99.850,94.436,94.436,94.436,87.388,87.388,87.388,93.269,93.129,93.194,93.298,93.223,93.298,95.581,95.581,95.655,92.927,92.927,92.927,97.457,97.532,97.532,97.457,97.532,97.532,97.833,97.833,97.833,96.856,96.781,96.856,96.554,97.833,96.554,97.083,97.083,97.083,94.578,94.436,97.683,97.758,97.683,87.444,87.444,87.444,94.436,94.436,93.103,93.028,93.028,94.122,94.273,94.197,96.784,96.709,96.709,96.709,96.707,97.683,97.532,97.532,97.532,97.309,95.509,95.509,95.581,95.678,95.678,95.678,97.154,97.079,97.228,95.655,94.796
RMNH.INS.1271306_Ae_vexans - rrnL gene,87.294,87.369,87.369,91.210,91.210,91.210,99.850,99.850,,94.436,94.436,94.436,87.239,87.239,87.239,93.269,93.129,93.194,93.298,93.223,93.298,95.655,95.655,95.730,92.927,92.927,92.927,97.457,97.532,97.532,97.457,97.532,97.532,97.833,97.833,97.833,96.856,96.781,96.856,96.554,97.833,96.554,97.083,97.083,97.083,94.578,94.436,97.683,97.758,97.683,87.444,87.444,87.444,94.436,94.436,93.103,93.028,93.028,94.122,94.273,94.197,96.784,96.709,96.709,96.709,96.707,97.683,97.532,97.532,97.532,97.309,95.359,95.359,95.431,95.678,95.678,95.529,97.154,97.079,97.228,95.730,94.796
RMNH.INS.1271307_Cs_annulata - rrnL gene,87.162,87.237,87.237,91.304,91.304,91.304,94.436,94.436,94.436,,100.000,100.000,86.882,86.882,86.882,93.844,93.703,93.769,93.636,93.561,93.636,92.707,92.707,92.782,94.511,94.511,94.511,94.294,94.369,94.294,94.294,94.444,94.444,94.374,94.374,94.374,94.215,94.065,94.140,93.313,94.374,93.313,94.520,94.520,94.520,98.194,100.000,94.374,94.299,94.374,87.012,87.012,87.012,100.000,100.000,93.694,93.619,93.619,96.015,96.015,96.015,93.769,93.694,93.769,93.694,93.689,94.224,94.444,94.444,94.444,94.074,93.844,93.844,93.914,92.895,92.895,92.745,93.689,93.764,93.764,92.782,95.865
RMNH.INS.1271308_Cs_annulata - rrnL gene,87.162,87.237,87.237,91.304,91.304,91.304,94.436,94.436,94.436,100.000,,100.000,86.882,86.882,86.882,93.844,93.703,93.769,93.636,93.561,93.636,92.707,92.707,92.782,94.511,94.511,94.511,94.294,94.369,94.294,94.294,94.444,94.444,94.374,94.374,94.374,94.215,94.065,94.140,93.313,94.374,93.313,94.520,94.520,94.520,98.194,100.000,94.374,94.299,94.374,87.012,87.012,87.012,100.000,100.000,93.694,93.619,93.619,96.015,96.015,96.015,93.769,93.694,93.769,93.694,93.689,94.224,94.444,94.444,94.444,94.074,93.844,93.844,93.914,92.895,92.895,92.745,93.689,93.764,93.764,92.782,95.865
RMNH.INS.1271309_Cs_annulata - rrnL gene,87.162,87.237,87.237,91.304,91.304,91.304,94.436,94.436,94.436,100.000,100.000,,86.882,86.882,86.882,93.844,93.703,93.769,93.636,93.561,93.636,92.707,92.707,92.782,94.511,94.511,94.511,94.294,94.369,94.294,94.294,94.444,94.444,94.374,94.374,94.374,94.215,94.065,94.140,93.313,94.374,93.313,94.520,94.520,94.520,98.194,100.000,94.374,94.299,94.374,87.012,87.012,87.012,100.000,100.000,93.694,93.619,93.619,96.015,96.015,96.015,93.769,93.694,93.769,93.694,93.689,94.224,94.444,94.444,94.444,94.074,93.844,93.844,93.914,92.895,92.895,92.745,93.689,93.764,93.764,92.782,95.865
RMNH.INS.1271310_An_claviger - rrnL gene,96.041,95.968,95.968,86.517,86.517,86.517,87.239,87.388,87.239,86.882,86.882,86.882,,100.000,99.928,87.323,87.118,87.174,87.234,87.234,87.234,86.791,86.791,86.866,86.702,86.702,86.702,87.248,87.323,87.323,87.248,87.397,87.397,86.960,86.960,86.960,86.791,86.642,86.716,86.184,86.960,86.184,87.472,87.472,87.472,86.712,86.882,86.960,86.960,86.960,94.208,94.282,94.208,86.882,86.882,87.145,87.070,87.070,86.627,86.702,86.627,86.950,86.875,86.950,87.463,87.463,86.885,87.248,87.248,87.099,87.109,87.239,87.239,87.304,86.969,86.969,86.969,87.313,87.313,87.388,86.866,86.767
RMNH.INS.1271311_An_claviger - rrnL gene,96.041,95.968,95.968,86.517,86.517,86.517,87.239,87.388,87.239,86.882,86.882,86.882,100.000,,99.928,87.323,87.118,87.174,87.234,87.234,87.234,86.791,86.791,86.866,86.702,86.702,86.702,87.248,87.323,87.323,87.248,87.397,87.397,86.960,86.960,86.960,86.791,86.642,86.716,86.184,86.960,86.184,87.472,87.472,87.472,86.712,86.882,86.960,86.960,86.960,94.208,94.282,94.208,86.882,86.882,87.145,87.070,87.070,86.627,86.702,86.627,86.950,86.875,86.950,87.463,87.463,86.885,87.248,87.248,87.099,87.109,87.239,87.239,87.304,86.969,86.969,86.969,87.313,87.313,87.388,86.866,86.767
RMNH.INS.1271312_An_claviger - rrnL gene,95.968,95.894,95.894,86.517,86.517,86.517,87.239,87.388,87.239,86.882,86.882,86.882,99.928,99.928,,87.323,87.118,87.174,87.234,87.234,87.234,86.791,86.791,86.866,86.702,86.702,86.702,87.248,87.323,87.323,87.248,87.397,87.397,86.960,86.960,86.960,86.791,86.642,86.716,86.184,86.960,86.184,87.472,87.472,87.472,86.712,86.882,86.960,86.960,86.960,94.135,94.208,94.135,86.882,86.882,87.145,87.070,87.070,86.627,86.702,86.627,86.950,86.875,86.950,87.463,87.463,86.885,87.248,87.248,87.099,87.109,87.239,87.239,87.304,86.969,86.969,86.969,87.313,87.313,87.388,86.866,86.767
RMNH.INS.1271313_Cx_modestus - rrnL gene,87.528,87.603,87.603,90.180,90.180,90.180,93.269,93.269,93.269,93.844,93.844,93.844,87.323,87.323,87.323,,99.701,99.776,96.910,96.835,96.910,91.847,91.847,91.922,92.632,92.632,92.632,93.204,93.279,93.279,93.204,93.353,93.353,93.284,93.284,93.284,92.676,92.526,92.601,92.302,93.284,92.302,93.428,93.428,93.428,93.534,93.844,92.761,92.836,92.761,86.482,86.482,86.482,93.844,93.844,99.175,99.100,99.100,93.313,93.388,93.388,92.457,92.382,92.457,92.825,92.750,92.761,93.428,93.428,93.428,92.985,92.009,92.009,92.078,92.101,92.101,91.952,92.900,92.900,92.975,91.922,93.684
RMNH.INS.1271314_Cx_modestus - rrnL gene,87.323,87.397,87.397,89.970,89.970,89.970,93.129,93.129,93.129,93.703,93.703,93.703,87.118,87.118,87.118,99.701,,99.776,96.689,96.614,96.689,91.710,91.710,91.785,92.492,92.492,92.492,92.990,93.065,93.065,92.990,93.139,93.139,93.070,93.070,93.070,92.463,92.313,92.388,92.090,93.070,92.090,93.214,93.214,93.214,93.393,93.703,92.697,92.772,92.697,86.353,86.353,86.353,93.703,93.703,98.877,98.802,98.802,93.173,93.248,93.248,92.394,92.319,92.394,92.612,92.537,92.697,93.214,93.214,93.214,92.921,91.872,91.872,91.940,91.890,91.890,91.741,92.761,92.761,92.836,91.785,93.544
RMNH.INS.1271315_Cx_modestus - rrnL gene,87.379,87.453,87.453,90.030,90.030,90.030,93.194,93.194,93.194,93.769,93.769,93.769,87.174,87.174,87.174,99.776,99.776,,96.760,96.684,96.760,91.773,91.773,91.847,92.556,92.556,92.556,93.055,93.129,93.129,93.055,93.204,93.204,93.134,93.134,93.134,92.526,92.377,92.451,92.152,93.134,92.152,93.279,93.279,93.279,93.459,93.769,92.761,92.836,92.761,86.408,86.408,86.408,93.769,93.769,98.951,98.876,98.876,93.238,93.313,93.313,92.457,92.382,92.457,92.676,92.601,92.761,93.279,93.279,93.279,92.985,91.934,91.934,92.003,91.952,91.952,91.803,92.825,92.825,92.900,91.847,93.609
RMNH.INS.1271316_Cx_territans - rrnL gene,87.289,87.362,87.362,90.015,90.015,90.015,93.298,93.298,93.298,93.636,93.636,93.636,87.234,87.234,87.234,96.910,96.689,96.760,,99.926,100.000,91.867,91.867,91.943,92.640,92.640,92.640,93.083,93.158,93.158,93.083,93.233,93.233,93.163,93.163,93.163,92.777,92.626,92.701,92.545,93.163,92.545,93.459,93.459,93.459,93.551,93.636,92.787,92.863,92.787,86.627,86.627,86.627,93.636,93.636,97.052,96.977,96.977,93.707,93.783,93.783,92.632,92.556,92.632,93.078,93.002,92.787,93.233,93.233,93.233,93.238,91.579,91.579,91.648,91.898,91.898,91.748,92.626,92.626,92.701,91.943,93.783
RMNH.INS.1271317_Cx_territans - rrnL gene,87.289,87.362,87.362,89.939,89.939,89.939,93.223,93.223,93.223,93.561,93.561,93.561,87.234,87.234,87.234,96.835,96.614,96.684,99.926,,99.926,91.792,91.792,91.867,92.564,92.564,92.564,93.008,93.083,93.083,93.008,93.158,93.158,93.088,93.088,93.088,92.701,92.551,92.626,92.470,93.088,92.470,93.383,93.383,93.383,93.475,93.561,92.712,92.787,92.712,86.627,86.627,86.627,93.561,93.561,96.977,96.901,96.901,93.632,93.707,93.707,92.556,92.481,92.556,93.002,92.927,92.712,93.158,93.158,93.158,93.163,91.504,91.504,91.573,91.823,91.823,91.673,92.551,92.551,92.626,91.867,93.707
RMNH.INS.1271318_Cx_territans - rrnL gene,87.289,87.362,87.362,90.015,90.015,90.015,93.298,93.298,93.298,93.636,93.636,93.636,87.234,87.234,87.234,96.910,96.689,96.760,100.000,99.926,,91.867,91.867,91.943,92.640,92.640,92.640,93.083,93.158,93.158,93.083,93.233,93.233,93.163,93.163,93.163,92.777,92.626,92.701,92.545,93.163,92.545,93.459,93.459,93.459,93.551,93.636,92.787,92.863,92.787,86.627,86.627,86.627,93.636,93.636,97.052,96.977,96.977,93.707,93.783,93.783,92.632,92.556,92.632,93.078,93.002,92.787,93.233,93.233,93.233,93.238,91.579,91.579,91.648,91.898,91.898,91.748,92.626,92.626,92.701,91.943,93.783
RMNH.INS.1271319_Ae_cinereus_geminus - rrnL gene,86.472,86.547,86.547,91.059,91.059,91.059,95.581,95.581,95.655,92.707,92.707,92.707,86.791,86.791,86.791,91.847,91.710,91.773,91.867,91.792,91.867,,100.000,99.925,91.648,91.648,91.648,94.914,94.989,94.989,94.914,95.064,95.064,95.142,95.142,95.142,94.461,94.386,94.461,93.633,95.142,93.633,94.914,94.914,94.914,92.545,92.707,94.993,94.918,94.993,86.248,86.248,86.248,92.707,92.707,91.979,92.054,92.054,92.087,92.238,92.163,94.316,94.241,94.241,93.942,94.012,94.843,94.989,94.989,94.839,94.918,93.563,93.563,93.633,93.368,93.368,93.219,94.382,94.382,94.457,99.925,92.836
RMNH.INS.1271320_Ae_cinereus_geminus - rrnL gene,86.472,86.547,86.547,91.059,91.059,91.059,95.581,95.581,95.655,92.707,92.707,92.707,86.791,86.791,86.791,91.847,91.710,91.773,91.867,91.792,91.867,100.000,,99.925,91.648,91.648,91.648,94.914,94.989,94.989,94.914,95.064,95.064,95.142,95.142,95.142,94.461,94.386,94.461,93.633,95.142,93.633,94.914,94.914,94.914,92.545,92.707,94.993,94.918,94.993,86.248,86.248,86.248,92.707,92.707,91.979,92.054,92.054,92.087,92.238,92.163,94.316,94.241,94.241,93.942,94.012,94.843,94.989,94.989,94.839,94.918,93.563,93.563,93.633,93.368,93.368,93.219,94.382,94.382,94.457,99.925,92.836
RMNH.INS.1271321_Ae_cinereus_geminus - rrnL gene,86.547,86.622,86.622,91.134,91.134,91.134,95.655,95.655,95.730,92.782,92.782,92.782,86.866,86.866,86.866,91.922,91.785,91.847,91.943,91.867,91.943,99.925,99.925,,91.723,91.723,91.723,94.989,95.064,95.064,94.989,95.138,95.138,95.217,95.217,95.217,94.536,94.461,94.536,93.708,95.217,93.708,94.989,94.989,94.989,92.620,92.782,95.067,94.993,95.067,86.323,86.323,86.323,92.782,92.782,92.054,92.129,92.129,92.163,92.313,92.238,94.390,94.316,94.316,94.016,94.087,94.918,95.064,95.064,94.914,94.993,93.638,93.638,93.708,93.443,93.443,93.294,94.457,94.457,94.532,100.000,92.911
RMNH.INS.1271322_Cs_longiareolata - rrnL gene,85.779,85.779,85.779,89.940,89.940,89.940,92.927,92.927,92.927,94.511,94.511,94.511,86.702,86.702,86.702,92.632,92.492,92.556,92.640,92.564,92.640,91.648,91.648,91.723,,100.000,100.000,93.158,93.233,93.158,93.158,93.308,93.308,93.088,93.088,93.088,93.078,92.927,93.002,92.099,93.088,92.099,93.308,93.308,93.308,94.503,94.511,93.088,93.013,93.088,86.832,86.832,86.832,94.511,94.511,92.857,92.782,92.782,93.980,93.980,93.980,92.331,92.256,92.331,92.400,92.325,92.938,93.158,93.158,93.158,93.013,92.186,92.186,92.256,92.429,92.429,92.279,92.932,92.857,92.932,91.723,94.127
RMNH.INS.1271323_Cs_longiareolata - rrnL gene,85.779,85.779,85.779,89.940,89.940,89.940,92.927,92.927,92.927,94.511,94.511,94.511,86.702,86.702,86.702,92.632,92.492,92.556,92.640,92.564,92.640,91.648,91.648,91.723,100.000,,100.000,93.158,93.233,93.158,93.158,93.308,93.308,93.088,93.088,93.088,93.078,92.927,93.002,92.099,93.088,92.099,93.308,93.308,93.308,94.503,94.511,93.088,93.013,93.088,86.832,86.832,86.832,94.511,94.511,92.857,92.782,92.782,93.980,93.980,93.980,92.331,92.256,92.331,92.400,92.325,92.938,93.158,93.158,93.158,93.013,92.186,92.186,92.256,92.429,92.429,92.279,92.932,92.857,92.932,91.723,94.127
RMNH.INS.1271324_Cs_longiareolata - rrnL gene,85.779,85.779,85.779,89.940,89.940,89.940,92.927,92.927,92.927,94.511,94.511,94.511,86.702,86.702,86.702,92.632,92.492,92.556,92.640,92.564,92.640,91.648,91.648,91.723,100.000,100.000,,93.158,93.233,93.158,93.158,93.308,93.308,93.088,93.088,93.088,93.078,92.927,93.002,92.099,93.088,92.099,93.308,93.308,93.308,94.503,94.511,93.088,93.013,93.088,86.832,86.832,86.832,94.511,94.511,92.857,92.782,92.782,93.980,93.980,93.980,92.331,92.256,92.331,92.400,92.325,92.938,93.158,93.158,93.158,93.013,92.186,92.186,92.256,92.429,92.429,92.279,92.932,92.857,92.932,91.723,94.127
RMNH.INS.1271325_Ae_annulipes_cantans - rrnL gene,87.080,87.080,87.080,91.673,91.673,91.673,97.457,97.457,97.457,94.294,94.294,94.294,87.248,87.248,87.248,93.204,92.990,93.055,93.083,93.008,93.083,94.914,94.914,94.989,93.158,93.158,93.158,,99.925,99.775,100.000,99.701,99.701,98.355,98.355,98.355,97.904,97.829,97.904,97.154,98.355,97.154,98.503,98.503,98.503,94.586,94.294,98.579,98.504,98.579,86.856,86.856,86.856,94.294,94.294,93.263,93.189,93.189,94.357,94.432,94.432,97.904,97.829,97.829,97.831,97.829,98.429,99.326,99.326,99.177,98.878,94.843,94.843,94.914,96.495,96.495,96.346,96.111,96.036,96.185,94.989,94.951
RMNH.INS.1271326_Ae_annulipes_cantans - rrnL gene,87.155,87.155,87.155,91.673,91.673,91.673,97.532,97.532,97.532,94.369,94.369,94.369,87.323,87.323,87.323,93.279,93.065,93.129,93.158,93.083,93.158,94.989,94.989,95.064,93.233,93.233,93.233,99.925,,99.850,99.925,99.775,99.775,98.429,98.429,98.429,97.904,97.829,97.904,97.154,98.429,97.154,98.578,98.578,98.578,94.662,94.369,98.654,98.579,98.654,86.931,86.931,86.931,94.369,94.369,93.338,93.263,93.263,94.432,94.507,94.507,97.979,97.904,97.904,97.831,97.829,98.504,99.401,99.401,99.251,98.953,94.918,94.918,94.989,96.495,96.495,96.346,96.185,96.111,96.260,95.064,95.026
RMNH.INS.1271327_Ae_annulipes_cantans - rrnL gene,87.155,87.155,87.155,91.598,91.598,91.598,97.532,97.532,97.532,94.294,94.294,94.294,87.323,87.323,87.323,93.279,93.065,93.129,93.158,93.083,93.158,94.989,94.989,95.064,93.158,93.158,93.158,99.775,99.850,,99.775,99.775,99.775,98.429,98.429,98.429,97.904,97.829,97.904,97.154,98.429,97.154,98.578,98.578,98.578,94.586,94.294,98.654,98.579,98.654,86.931,86.931,86.931,94.294,94.294,93.338,93.263,93.263,94.357,94.432,94.432,97.979,97.904,97.904,97.831,97.829,98.504,99.551,99.551,99.401,99.102,94.918,94.918,94.989,96.495,96.495,96.346,96.185,96.111,96.260,95.064,94.951
RMNH.INS.1271328_Ae_annulipes_cantans - rrnL gene,87.080,87.080,87.080,91.673,91.673,91.673,97.457,97.457,97.457,94.294,94.294,94.294,87.248,87.248,87.248,93.204,92.990,93.055,93.083,93.008,93.083,94.914,94.914,94.989,93.158,93.158,93.158,100.000,99.925,99.775,,99.701,99.701,98.355,98.355,98.355,97.904,97.829,97.904,97.154,98.355,97.154,98.503,98.503,98.503,94.586,94.294,98.579,98.504,98.579,86.856,86.856,86.856,94.294,94.294,93.263,93.189,93.189,94.357,94.432,94.432,97.904,97.829,97.829,97.831,97.829,98.429,99.326,99.326,99.177,98.878,94.843,94.843,94.914,96.495,96.495,96.346,96.111,96.036,96.185,94.989,94.951
RMNH.INS.1271329_Ae_annulipes_cantans - rrnL gene,87.229,87.229,87.229,91.748,91.748,91.748,97.532,97.532,97.532,94.444,94.444,94.444,87.397,87.397,87.397,93.353,93.139,93.204,93.233,93.158,93.233,95.064,95.064,95.138,93.308,93.308,93.308,99.701,99.775,99.775,99.701,,100.000,98.504,98.504,98.504,97.979,97.904,97.979,97.228,98.504,97.228,98.653,98.653,98.653,94.737,94.444,98.728,98.654,98.728,87.005,87.005,87.005,94.444,94.444,93.413,93.338,93.338,94.507,94.582,94.582,98.054,97.979,97.979,97.906,97.904,98.579,99.626,99.626,99.476,99.177,94.918,94.918,94.989,96.570,96.570,96.421,96.185,96.111,96.260,95.138,95.102
RMNH.INS.1271330_Ae_annulipes_cantans - rrnL gene,87.229,87.229,87.229,91.748,91.748,91.748,97.532,97.532,97.532,94.444,94.444,94.444,87.397,87.397,87.397,93.353,93.139,93.204,93.233,93.158,93.233,95.064,95.064,95.138,93.308,93.308,93.308,99.701,99.775,99.775,99.701,100.000,,98.504,98.504,98.504,97.979,97.904,97.979,97.228,98.504,97.228,98.653,98.653,98.653,94.737,94.444,98.728,98.654,98.728,87.005,87.005,87.005,94.444,94.444,93.413,93.338,93.338,94.507,94.582,94.582,98.054,97.979,97.979,97.906,97.904,98.579,99.626,99.626,99.476,99.177,94.918,94.918,94.989,96.570,96.570,96.421,96.185,96.111,96.260,95.138,95.102
RMNH.INS.1271331_Ae_rusticus - rrnL gene,86.940,87.015,87.015,91.754,91.754,91.754,97.833,97.833,97.833,94.374,94.374,94.374,86.960,86.960,86.960,93.284,93.070,93.134,93.163,93.088,93.163,95.142,95.142,95.217,93.088,93.088,93.088,98.355,98.429,98.429,98.355,98.504,98.504,,100.000,100.000,97.607,97.532,97.607,96.931,100.000,96.931,98.055,98.055,98.055,94.666,94.374,98.206,98.132,98.206,86.940,86.940,86.940,94.374,94.374,93.343,93.269,93.269,93.985,94.060,94.060,97.607,97.532,97.532,97.459,97.457,98.057,98.429,98.429,98.280,98.579,94.996,94.996,95.067,96.274,96.274,96.125,96.338,96.263,96.413,95.217,94.729
RMNH.INS.1271332_Ae_rusticus - rrnL gene,86.940,87.015,87.015,91.754,91.754,91.754,97.833,97.833,97.833,94.374,94.374,94.374,86.960,86.960,86.960,93.284,93.070,93.134,93.163,93.088,93.163,95.142,95.142,95.217,93.088,93.088,93.088,98.355,98.429,98.429,98.355,98.504,98.504,100.000,,100.000,97.607,97.532,97.607,96.931,100.000,96.931,98.055,98.055,98.055,94.666,94.374,98.206,98.132,98.206,86.940,86.940,86.940,94.374,94.374,93.343,93.269,93.269,93.985,94.060,94.060,97.607,97.532,97.532,97.459,97.457,98.057,98.429,98.429,98.280,98.579,94.996,94.996,95.067,96.274,96.274,96.125,96.338,96.263,96.413,95.217,94.729
RMNH.INS.1271333_Ae_rusticus - rrnL gene,86.940,87.015,87.015,91.754,91.754,91.754,97.833,97.833,97.833,94.374,94.374,94.374,86.960,86.960,86.960,93.284,93.070,93.134,93.163,93.088,93.163,95.142,95.142,95.217,93.088,93.088,93.088,98.355,98.429,98.429,98.355,98.504,98.504,100.000,100.000,,97.607,97.532,97.607,96.931,100.000,96.931,98.055,98.055,98.055,94.666,94.374,98.206,98.132,98.206,86.940,86.940,86.940,94.374,94.374,93.343,93.269,93.269,93.985,94.060,94.060,97.607,97.532,97.532,97.459,97.457,98.057,98.429,98.429,98.280,98.579,94.996,94.996,95.067,96.274,96.274,96.125,96.338,96.263,96.413,95.217,94.729
RMNH.INS.1271334_Ae_communis - rrnL gene,86.622,86.622,86.622,91.141,91.141,91.141,96.856,96.856,96.856,94.215,94.215,94.215,86.791,86.791,86.791,92.676,92.463,92.526,92.777,92.701,92.777,94.461,94.461,94.536,93.078,93.078,93.078,97.904,97.904,97.904,97.904,97.979,97.979,97.607,97.607,97.607,,99.775,99.850,98.651,97.607,98.651,97.680,97.680,97.680,94.432,94.215,98.504,98.429,98.504,86.921,86.921,86.921,94.215,94.215,92.659,92.584,92.584,94.127,94.202,94.202,97.380,97.305,97.305,97.754,97.678,98.355,98.204,98.204,98.054,97.906,94.615,94.615,94.686,96.197,96.197,96.048,95.734,95.659,95.808,94.536,94.721
RMNH.INS.1271335_Ae_communis - rrnL gene,86.472,86.472,86.472,91.066,91.066,91.066,96.781,96.781,96.781,94.065,94.065,94.065,86.642,86.642,86.642,92.526,92.313,92.377,92.626,92.551,92.626,94.386,94.386,94.461,92.927,92.927,92.927,97.829,97.829,97.829,97.829,97.904,97.904,97.532,97.532,97.532,99.775,,99.925,98.576,97.532,98.576,97.530,97.530,97.530,94.281,94.065,98.429,98.355,98.429,86.771,86.771,86.771,94.065,94.065,92.509,92.434,92.434,93.976,94.051,94.051,97.305,97.231,97.231,97.680,97.603,98.280,98.129,98.129,97.979,97.831,94.465,94.465,94.536,96.271,96.271,96.122,95.584,95.509,95.659,94.461,94.570
RMNH.INS.1271336_Ae_communis - rrnL gene,86.547,86.547,86.547,91.141,91.141,91.141,96.856,96.856,96.856,94.140,94.140,94.140,86.716,86.716,86.716,92.601,92.388,92.451,92.701,92.626,92.701,94.461,94.461,94.536,93.002,93.002,93.002,97.904,97.904,97.904,97.904,97.979,97.979,97.607,97.607,97.607,99.850,99.925,,98.651,97.607,98.651,97.605,97.605,97.605,94.357,94.140,98.504,98.429,98.504,86.846,86.846,86.846,94.140,94.140,92.584,92.509,92.509,94.051,94.127,94.127,97.380,97.305,97.305,97.754,97.678,98.355,98.204,98.204,98.054,97.906,94.540,94.540,94.611,96.346,96.346,96.197,95.659,95.584,95.734,94.536,94.646
RMNH.INS.1271337_Ae_punctor - rrnL gene,86.088,86.088,86.088,90.315,90.315,90.315,96.554,96.554,96.554,93.313,93.313,93.313,86.184,86.184,86.184,92.302,92.090,92.152,92.545,92.470,92.545,93.633,93.633,93.708,92.099,92.099,92.099,97.154,97.154,97.154,97.154,97.228,97.228,96.931,96.931,96.931,98.651,98.576,98.651,,96.931,100.000,96.854,96.854,96.854,93.529,93.313,97.754,97.829,97.754,86.387,86.387,86.387,93.313,93.313,92.210,92.135,92.135,93.449,93.524,93.524,97.378,97.303,97.303,97.228,97.151,97.754,97.453,97.453,97.303,97.156,94.241,94.241,94.311,95.451,95.451,95.302,95.284,95.210,95.359,93.708,94.118
RMNH.INS.1271338_Ae_rusticus - rrnL gene,86.940,87.015,87.015,91.754,91.754,91.754,97.833,97.833,97.833,94.374,94.374,94.374,86.960,86.960,86.960,93.284,93.070,93.134,93.163,93.088,93.163,95.142,95.142,95.217,93.088,93.088,93.088,98.355,98.429,98.429,98.355,98.504,98.504,100.000,100.000,100.000,97.607,97.532,97.607,96.931,,96.931,98.055,98.055,98.055,94.666,94.374,98.206,98.132,98.206,86.940,86.940,86.940,94.374,94.374,93.343,93.269,93.269,93.985,94.060,94.060,97.607,97.532,97.532,97.459,97.457,98.057,98.429,98.429,98.280,98.579,94.996,94.996,95.067,96.274,96.274,96.125,96.338,96.263,96.413,95.217,94.729
RMNH.INS.1271339_Ae_punctor - rrnL gene,86.088,86.088,86.088,90.315,90.315,90.315,96.554,96.554,96.554,93.313,93.313,93.313,86.184,86.184,86.184,92.302,92.090,92.152,92.545,92.470,92.545,93.633,93.633,93.708,92.099,92.099,92.099,97.154,97.154,97.154,97.154,97.228,97.228,96.931,96.931,96.931,98.651,98.576,98.651,100.000,96.931,,96.854,96.854,96.854,93.529,93.313,97.754,97.829,97.754,86.387,86.387,86.387,93.313,93.313,92.210,92.135,92.135,93.449,93.524,93.524,97.378,97.303,97.303,97.228,97.151,97.754,97.453,97.453,97.303,97.156,94.241,94.241,94.311,95.451,95.451,95.302,95.284,95.210,95.359,93.708,94.118
RMNH.INS.1271340_Ae_geniculatus - rrnL gene,87.453,87.453,87.453,91.673,91.673,91.673,97.083,97.083,97.083,94.520,94.520,94.520,87.472,87.472,87.472,93.428,93.214,93.279,93.459,93.383,93.459,94.914,94.914,94.989,93.308,93.308,93.308,98.503,98.578,98.578,98.503,98.653,98.653,98.055,98.055,98.055,97.680,97.530,97.605,96.854,98.055,96.854,,100.000,100.000,94.812,94.520,98.504,98.429,98.504,87.528,87.528,87.528,94.520,94.520,93.488,93.413,93.413,94.507,94.582,94.582,97.754,97.680,97.680,97.756,97.754,98.355,98.578,98.578,98.428,98.429,94.918,94.918,94.989,96.495,96.495,96.346,96.335,96.260,96.410,94.989,94.951
RMNH.INS.1271341_Ae_geniculatus - rrnL gene,87.453,87.453,87.453,91.673,91.673,91.673,97.083,97.083,97.083,94.520,94.520,94.520,87.472,87.472,87.472,93.428,93.214,93.279,93.459,93.383,93.459,94.914,94.914,94.989,93.308,93.308,93.308,98.503,98.578,98.578,98.503,98.653,98.653,98.055,98.055,98.055,97.680,97.530,97.605,96.854,98.055,96.854,100.000,,100.000,94.812,94.520,98.504,98.429,98.504,87.528,87.528,87.528,94.520,94.520,93.488,93.413,93.413,94.507,94.582,94.582,97.754,97.680,97.680,97.756,97.754,98.355,98.578,98.578,98.428,98.429,94.918,94.918,94.989,96.495,96.495,96.346,96.335,96.260,96.410,94.989,94.951
RMNH.INS.1271342_Ae_geniculatus - rrnL gene,87.453,87.453,87.453,91.673,91.673,91.673,97.083,97.083,97.083,94.520,94.520,94.520,87.472,87.472,87.472,93.428,93.214,93.279,93.459,93.383,93.459,94.914,94.914,94.989,93.308,93.308,93.308,98.503,98.578,98.578,98.503,98.653,98.653,98.055,98.055,98.055,97.680,97.530,97.605,96.854,98.055,96.854,100.000,100.000,,94.812,94.520,98.504,98.429,98.504,87.528,87.528,87.528,94.520,94.520,93.488,93.413,93.413,94.507,94.582,94.582,97.754,97.680,97.680,97.756,97.754,98.355,98.578,98.578,98.428,98.429,94.918,94.918,94.989,96.495,96.495,96.346,96.335,96.260,96.410,94.989,94.951
RMNH.INS.1271344_Cs_subochrea - rrnL gene,86.917,86.992,86.992,91.592,91.592,91.592,94.578,94.578,94.578,98.194,98.194,98.194,86.712,86.712,86.712,93.534,93.393,93.459,93.551,93.475,93.551,92.545,92.545,92.620,94.503,94.503,94.503,94.586,94.662,94.586,94.586,94.737,94.737,94.666,94.666,94.666,94.432,94.281,94.357,93.529,94.666,93.529,94.812,94.812,94.812,,98.194,94.515,94.440,94.515,86.917,86.917,86.917,98.194,98.194,93.459,93.383,93.383,96.386,96.386,96.386,93.910,93.835,93.910,93.835,93.830,94.515,94.737,94.737,94.737,94.440,93.308,93.308,93.378,93.109,93.109,92.959,93.905,93.830,93.980,92.620,96.160
RMNH.INS.1271345_Cs_annulata - rrnL gene,87.162,87.237,87.237,91.304,91.304,91.304,94.436,94.436,94.436,100.000,100.000,100.000,86.882,86.882,86.882,93.844,93.703,93.769,93.636,93.561,93.636,92.707,92.707,92.782,94.511,94.511,94.511,94.294,94.369,94.294,94.294,94.444,94.444,94.374,94.374,94.374,94.215,94.065,94.140,93.313,94.374,93.313,94.520,94.520,94.520,98.194,,94.374,94.299,94.374,87.012,87.012,87.012,100.000,100.000,93.694,93.619,93.619,96.015,96.015,96.015,93.769,93.694,93.769,93.694,93.689,94.224,94.444,94.444,94.444,94.074,93.844,93.844,93.914,92.895,92.895,92.745,93.689,93.764,93.764,92.782,95.865
RMNH.INS.1271346_Ae_caspius - rrnL gene,86.940,86.940,86.940,91.454,91.454,91.454,97.683,97.683,97.683,94.374,94.374,94.374,86.960,86.960,86.960,92.761,92.697,92.761,92.787,92.712,92.787,94.993,94.993,95.067,93.088,93.088,93.088,98.579,98.654,98.654,98.579,98.728,98.728,98.206,98.206,98.206,98.504,98.429,98.504,97.754,98.206,97.754,98.504,98.504,98.504,94.515,94.374,,99.925,100.000,87.164,87.164,87.164,94.374,94.374,92.820,92.745,92.745,94.135,94.211,94.211,98.205,98.130,98.130,97.907,97.906,99.850,98.953,98.953,98.803,98.655,94.922,94.922,94.993,96.721,96.721,96.572,96.114,96.039,96.188,95.067,94.729
RMNH.INS.1271347_Ae_caspius - rrnL gene,86.940,86.940,86.940,91.379,91.379,91.379,97.758,97.758,97.758,94.299,94.299,94.299,86.960,86.960,86.960,92.836,92.772,92.836,92.863,92.787,92.863,94.918,94.918,94.993,93.013,93.013,93.013,98.504,98.579,98.579,98.504,98.654,98.654,98.132,98.132,98.132,98.429,98.355,98.429,97.829,98.132,97.829,98.429,98.429,98.429,94.440,94.299,99.925,,99.925,87.164,87.164,87.164,94.299,94.299,92.745,92.670,92.670,94.060,94.135,94.135,98.130,98.055,98.055,97.907,97.906,99.925,98.878,98.878,98.728,98.580,94.847,94.847,94.918,96.647,96.647,96.498,96.114,96.039,96.188,94.993,94.654
RMNH.INS.1271348_Ae_caspius - rrnL gene,86.940,86.940,86.940,91.454,91.454,91.454,97.683,97.683,97.683,94.374,94.374,94.374,86.960,86.960,86.960,92.761,92.697,92.761,92.787,92.712,92.787,94.993,94.993,95.067,93.088,93.088,93.088,98.579,98.654,98.654,98.579,98.728,98.728,98.206,98.206,98.206,98.504,98.429,98.504,97.754,98.206,97.754,98.504,98.504,98.504,94.515,94.374,100.000,99.925,,87.164,87.164,87.164,94.374,94.374,92.820,92.745,92.745,94.135,94.211,94.211,98.205,98.130,98.130,97.907,97.906,99.850,98.953,98.953,98.803,98.655,94.922,94.922,94.993,96.721,96.721,96.572,96.114,96.039,96.188,95.067,94.729
RMNH.INS.1271349_An_plumbeus - rrnL gene,93.906,93.833,93.833,86.347,86.347,86.347,87.444,87.444,87.444,87.012,87.012,87.012,94.208,94.208,94.135,86.482,86.353,86.408,86.627,86.627,86.627,86.248,86.248,86.323,86.832,86.832,86.832,86.856,86.931,86.931,86.856,87.005,87.005,86.940,86.940,86.940,86.921,86.771,86.846,86.387,86.940,86.387,87.528,87.528,87.528,86.917,87.012,87.164,87.164,87.164,,99.853,99.926,87.012,87.012,86.527,86.452,86.452,86.606,86.682,86.606,86.706,86.632,86.706,87.145,87.070,87.090,87.155,87.155,87.155,87.090,87.294,87.294,87.360,86.428,86.428,86.279,87.220,87.220,87.294,86.323,86.898
RMNH.INS.1271350_An_plumbeus - rrnL gene,93.979,93.906,93.906,86.347,86.347,86.347,87.444,87.444,87.444,87.012,87.012,87.012,94.282,94.282,94.208,86.482,86.353,86.408,86.627,86.627,86.627,86.248,86.248,86.323,86.832,86.832,86.832,86.856,86.931,86.931,86.856,87.005,87.005,86.940,86.940,86.940,86.921,86.771,86.846,86.387,86.940,86.387,87.528,87.528,87.528,86.917,87.012,87.164,87.164,87.164,99.853,,99.927,87.012,87.012,86.527,86.452,86.452,86.606,86.682,86.606,86.781,86.706,86.781,87.220,87.145,87.090,87.155,87.155,87.155,87.090,87.294,87.294,87.360,86.503,86.503,86.353,87.294,87.294,87.369,86.323,86.898
RMNH.INS.1271351_An_plumbeus - rrnL gene,93.906,93.833,93.833,86.347,86.347,86.347,87.444,87.444,87.444,87.012,87.012,87.012,94.208,94.208,94.135,86.482,86.353,86.408,86.627,86.627,86.627,86.248,86.248,86.323,86.832,86.832,86.832,86.856,86.931,86.931,86.856,87.005,87.005,86.940,86.940,86.940,86.921,86.771,86.846,86.387,86.940,86.387,87.528,87.528,87.528,86.917,87.012,87.164,87.164,87.164,99.926,99.927,,87.012,87.012,86.527,86.452,86.452,86.606,86.682,86.606,86.706,86.632,86.706,87.145,87.070,87.090,87.155,87.155,87.155,87.090,87.294,87.294,87.360,86.428,86.428,86.279,87.220,87.220,87.294,86.323,86.898
RMNH.INS.1271352_Cs_annulata - rrnL gene,87.162,87.237,87.237,91.304,91.304,91.304,94.436,94.436,94.436,100.000,100.000,100.000,86.882,86.882,86.882,93.844,93.703,93.769,93.636,93.561,93.636,92.707,92.707,92.782,94.511,94.511,94.511,94.294,94.369,94.294,94.294,94.444,94.444,94.374,94.374,94.374,94.215,94.065,94.140,93.313,94.374,93.313,94.520,94.520,94.520,98.194,100.000,94.374,94.299,94.374,87.012,87.012,87.012,,100.000,93.694,93.619,93.619,96.015,96.015,96.015,93.769,93.694,93.769,93.694,93.689,94.224,94.444,94.444,94.444,94.074,93.844,93.844,93.914,92.895,92.895,92.745,93.689,93.764,93.764,92.782,95.865
RMNH.INS.1271354_Cs_annulata - rrnL gene,87.162,87.237,87.237,91.304,91.304,91.304,94.436,94.436,94.436,100.000,100.000,100.000,86.882,86.882,86.882,93.844,93.703,93.769,93.636,93.561,93.636,92.707,92.707,92.782,94.511,94.511,94.511,94.294,94.369,94.294,94.294,94.444,94.444,94.374,94.374,94.374,94.215,94.065,94.140,93.313,94.374,93.313,94.520,94.520,94.520,98.194,100.000,94.374,94.299,94.374,87.012,87.012,87.012,100.000,,93.694,93.619,93.619,96.015,96.015,96.015,93.769,93.694,93.769,93.694,93.689,94.224,94.444,94.444,94.444,94.074,93.844,93.844,93.914,92.895,92.895,92.745,93.689,93.764,93.764,92.782,95.865
RMNH.INS.1271355_Cx_pipiens - rrnL gene,87.201,87.275,87.275,89.880,89.880,89.880,93.103,93.103,93.103,93.694,93.694,93.694,87.145,87.145,87.145,99.175,98.877,98.951,97.052,96.977,97.052,91.979,91.979,92.054,92.857,92.857,92.857,93.263,93.338,93.338,93.263,93.413,93.413,93.343,93.343,93.343,92.659,92.509,92.584,92.210,93.343,92.210,93.488,93.488,93.488,93.459,93.694,92.820,92.745,92.820,86.527,86.527,86.527,93.694,93.694,,99.925,99.925,93.539,93.614,93.614,92.590,92.515,92.590,92.734,92.659,92.670,93.488,93.488,93.488,93.044,91.841,91.841,91.910,92.009,92.009,91.860,92.734,92.734,92.809,92.054,93.835
RMNH.INS.1271356_Cx_pipiens - rrnL gene,87.126,87.201,87.201,89.805,89.805,89.805,93.028,93.028,93.028,93.619,93.619,93.619,87.070,87.070,87.070,99.100,98.802,98.876,96.977,96.901,96.977,92.054,92.054,92.129,92.782,92.782,92.782,93.189,93.263,93.263,93.189,93.338,93.338,93.269,93.269,93.269,92.584,92.434,92.509,92.135,93.269,92.135,93.413,93.413,93.413,93.383,93.619,92.745,92.670,92.745,86.452,86.452,86.452,93.619,93.619,99.925,,100.000,93.464,93.539,93.539,92.515,92.440,92.515,92.659,92.584,92.595,93.413,93.413,93.413,92.969,91.766,91.766,91.835,91.934,91.934,91.785,92.659,92.659,92.734,92.129,93.759
RMNH.INS.1271357_Cx_pipiens - rrnL gene,87.126,87.201,87.201,89.805,89.805,89.805,93.028,93.028,93.028,93.619,93.619,93.619,87.070,87.070,87.070,99.100,98.802,98.876,96.977,96.901,96.977,92.054,92.054,92.129,92.782,92.782,92.782,93.189,93.263,93.263,93.189,93.338,93.338,93.269,93.269,93.269,92.584,92.434,92.509,92.135,93.269,92.135,93.413,93.413,93.413,93.383,93.619,92.745,92.670,92.745,86.452,86.452,86.452,93.619,93.619,99.925,100.000,,93.464,93.539,93.539,92.515,92.440,92.515,92.659,92.584,92.595,93.413,93.413,93.413,92.969,91.766,91.766,91.835,91.934,91.934,91.785,92.659,92.659,92.734,92.129,93.759
RMNH.INS.1271358_Cs_morsitans - rrnL gene,86.907,86.983,86.983,91.059,91.059,91.059,94.122,94.122,94.122,96.015,96.015,96.015,86.627,86.627,86.627,93.313,93.173,93.238,93.707,93.632,93.707,92.087,92.087,92.163,93.980,93.980,93.980,94.357,94.432,94.357,94.357,94.507,94.507,93.985,93.985,93.985,94.127,93.976,94.051,93.449,93.985,93.449,94.507,94.507,94.507,96.386,96.015,94.135,94.060,94.135,86.606,86.606,86.606,96.015,96.015,93.539,93.464,93.464,,99.849,99.925,93.905,93.830,93.905,93.679,93.675,93.985,94.507,94.507,94.507,94.135,93.153,93.153,93.223,92.659,92.659,92.509,94.051,93.976,94.127,92.163,97.815
RMNH.INS.1271359_Cs_morsitans - rrnL gene,86.983,87.058,87.058,91.210,91.210,91.210,94.273,94.273,94.273,96.015,96.015,96.015,86.702,86.702,86.702,93.388,93.248,93.313,93.783,93.707,93.783,92.238,92.238,92.313,93.980,93.980,93.980,94.432,94.507,94.432,94.432,94.582,94.582,94.060,94.060,94.060,94.202,94.051,94.127,93.524,94.060,93.524,94.582,94.582,94.582,96.386,96.015,94.211,94.135,94.211,86.682,86.682,86.682,96.015,96.015,93.614,93.539,93.539,99.849,,99.925,93.980,93.905,93.980,93.755,93.750,94.060,94.582,94.582,94.582,94.211,93.303,93.303,93.373,92.734,92.734,92.584,94.202,94.127,94.277,92.313,97.965
RMNH.INS.1271360_Cs_morsitans - rrnL gene,86.907,86.983,86.983,91.134,91.134,91.134,94.197,94.197,94.197,96.015,96.015,96.015,86.627,86.627,86.627,93.388,93.248,93.313,93.783,93.707,93.783,92.163,92.163,92.238,93.980,93.980,93.980,94.432,94.507,94.432,94.432,94.582,94.582,94.060,94.060,94.060,94.202,94.051,94.127,93.524,94.060,93.524,94.582,94.582,94.582,96.386,96.015,94.211,94.135,94.211,86.606,86.606,86.606,96.015,96.015,93.614,93.539,93.539,99.925,99.925,,93.980,93.905,93.980,93.755,93.750,94.060,94.582,94.582,94.582,94.211,93.228,93.228,93.298,92.734,92.734,92.584,94.127,94.051,94.202,92.238,97.890
RMNH.INS.1271361_Ae_sticticus - rrnL gene,86.706,86.706,86.706,91.523,91.523,91.523,96.784,96.784,96.784,93.769,93.769,93.769,86.950,86.950,86.950,92.457,92.394,92.457,92.632,92.556,92.632,94.316,94.316,94.390,92.331,92.331,92.331,97.904,97.979,97.979,97.904,98.054,98.054,97.607,97.607,97.607,97.380,97.305,97.380,97.378,97.607,97.378,97.754,97.754,97.754,93.910,93.769,98.205,98.130,98.205,86.706,86.781,86.706,93.769,93.769,92.590,92.515,92.515,93.905,93.980,93.980,,99.925,99.925,97.756,97.754,98.055,98.129,98.129,97.979,98.055,94.918,94.918,94.989,96.048,96.048,95.899,95.886,95.812,95.961,94.390,94.348
RMNH.INS.1271362_Ae_sticticus - rrnL gene,86.632,86.632,86.632,91.448,91.448,91.448,96.709,96.709,96.709,93.694,93.694,93.694,86.875,86.875,86.875,92.382,92.319,92.382,92.556,92.481,92.556,94.241,94.241,94.316,92.256,92.256,92.256,97.829,97.904,97.904,97.829,97.979,97.979,97.532,97.532,97.532,97.305,97.231,97.305,97.303,97.532,97.303,97.680,97.680,97.680,93.835,93.694,98.130,98.055,98.130,86.632,86.706,86.632,93.694,93.694,92.515,92.440,92.440,93.830,93.905,93.905,99.925,,99.850,97.681,97.680,97.981,98.054,98.054,97.904,97.981,94.843,94.843,94.914,95.973,95.973,95.824,95.812,95.737,95.886,94.316,94.273
RMNH.INS.1271363_Ae_sticticus - rrnL gene,86.706,86.706,86.706,91.523,91.523,91.523,96.709,96.709,96.709,93.769,93.769,93.769,86.950,86.950,86.950,92.457,92.394,92.457,92.632,92.556,92.632,94.241,94.241,94.316,92.331,92.331,92.331,97.829,97.904,97.904,97.829,97.979,97.979,97.532,97.532,97.532,97.305,97.231,97.305,97.303,97.532,97.303,97.680,97.680,97.680,93.910,93.769,98.130,98.055,98.130,86.706,86.781,86.706,93.769,93.769,92.590,92.515,92.515,93.905,93.980,93.980,99.925,99.850,,97.681,97.680,97.981,98.054,98.054,97.904,97.981,94.843,94.843,94.914,95.973,95.973,95.824,95.812,95.737,95.886,94.316,94.348
RMNH.INS.1271367_Ae_detritus - rrnL gene,87.294,87.294,87.294,91.366,91.366,91.366,96.709,96.709,96.709,93.694,93.694,93.694,87.463,87.463,87.463,92.825,92.612,92.676,93.078,93.002,93.078,93.942,93.942,94.016,92.400,92.400,92.400,97.831,97.831,97.831,97.831,97.906,97.906,97.459,97.459,97.459,97.754,97.680,97.754,97.228,97.459,97.228,97.756,97.756,97.756,93.835,93.694,97.907,97.907,97.907,87.145,87.220,87.145,93.694,93.694,92.734,92.659,92.659,93.679,93.755,93.755,97.756,97.681,97.681,,99.775,97.833,97.981,97.981,97.831,97.608,94.245,94.245,94.316,96.271,96.271,96.122,95.662,95.587,95.737,94.016,94.122
RMNH.INS.1271368_Ae_detritus - rrnL gene,87.220,87.220,87.220,91.291,91.291,91.291,96.707,96.707,96.707,93.689,93.689,93.689,87.463,87.463,87.463,92.750,92.537,92.601,93.002,92.927,93.002,94.012,94.012,94.087,92.325,92.325,92.325,97.829,97.829,97.829,97.829,97.904,97.904,97.457,97.457,97.457,97.678,97.603,97.678,97.151,97.457,97.151,97.754,97.754,97.754,93.830,93.689,97.906,97.906,97.906,87.070,87.145,87.070,93.689,93.689,92.659,92.584,92.584,93.675,93.750,93.750,97.754,97.680,97.680,99.775,,97.831,97.979,97.979,97.829,97.607,94.241,94.241,94.311,96.122,96.122,95.973,95.659,95.584,95.734,94.087,94.118
RMNH.INS.1271369_Ae_caspius - rrnL gene,86.866,86.866,86.866,91.304,91.304,91.304,97.683,97.683,97.683,94.224,94.224,94.224,86.885,86.885,86.885,92.761,92.697,92.761,92.787,92.712,92.787,94.843,94.843,94.918,92.938,92.938,92.938,98.429,98.504,98.504,98.429,98.579,98.579,98.057,98.057,98.057,98.355,98.280,98.355,97.754,98.057,97.754,98.355,98.355,98.355,94.515,94.224,99.850,99.925,99.850,87.090,87.090,87.090,94.224,94.224,92.670,92.595,92.595,93.985,94.060,94.060,98.055,97.981,97.981,97.833,97.831,,98.803,98.803,98.654,98.505,94.772,94.772,94.843,96.572,96.572,96.423,96.039,95.964,96.114,94.918,94.578
RMNH.INS.1271370_Ae_flavescens - rrnL gene,87.229,87.229,87.229,91.673,91.673,91.673,97.532,97.532,97.532,94.444,94.444,94.444,87.248,87.248,87.248,93.428,93.214,93.279,93.233,93.158,93.233,94.989,94.989,95.064,93.158,93.158,93.158,99.326,99.401,99.551,99.326,99.626,99.626,98.429,98.429,98.429,98.204,98.129,98.204,97.453,98.429,97.453,98.578,98.578,98.578,94.737,94.444,98.953,98.878,98.953,87.155,87.155,87.155,94.444,94.444,93.488,93.413,93.413,94.507,94.582,94.582,98.129,98.054,98.054,97.981,97.979,98.803,,100.000,99.850,99.252,94.993,94.993,95.064,96.719,96.719,96.570,96.185,96.111,96.260,95.064,95.102
RMNH.INS.1271371_Ae_flavescens - rrnL gene,87.229,87.229,87.229,91.673,91.673,91.673,97.532,97.532,97.532,94.444,94.444,94.444,87.248,87.248,87.248,93.428,93.214,93.279,93.233,93.158,93.233,94.989,94.989,95.064,93.158,93.158,93.158,99.326,99.401,99.551,99.326,99.626,99.626,98.429,98.429,98.429,98.204,98.129,98.204,97.453,98.429,97.453,98.578,98.578,98.578,94.737,94.444,98.953,98.878,98.953,87.155,87.155,87.155,94.444,94.444,93.488,93.413,93.413,94.507,94.582,94.582,98.129,98.054,98.054,97.981,97.979,98.803,100.000,,99.850,99.252,94.993,94.993,95.064,96.719,96.719,96.570,96.185,96.111,96.260,95.064,95.102
RMNH.INS.1271372_Ae_flavescens - rrnL gene,87.229,87.229,87.229,91.523,91.523,91.523,97.532,97.532,97.532,94.444,94.444,94.444,87.099,87.099,87.099,93.428,93.214,93.279,93.233,93.158,93.233,94.839,94.839,94.914,93.158,93.158,93.158,99.177,99.251,99.401,99.177,99.476,99.476,98.280,98.280,98.280,98.054,97.979,98.054,97.303,98.280,97.303,98.428,98.428,98.428,94.737,94.444,98.803,98.728,98.803,87.155,87.155,87.155,94.444,94.444,93.488,93.413,93.413,94.507,94.582,94.582,97.979,97.904,97.904,97.831,97.829,98.654,99.850,99.850,,99.102,94.843,94.843,94.914,96.570,96.570,96.421,96.185,96.111,96.260,94.914,95.102
RMNH.INS.1271375_Ae_leucomelas - rrnL gene,87.090,87.090,87.090,91.529,91.529,91.529,97.309,97.309,97.309,94.074,94.074,94.074,87.109,87.109,87.109,92.985,92.921,92.985,93.238,93.163,93.238,94.918,94.918,94.993,93.013,93.013,93.013,98.878,98.953,99.102,98.878,99.177,99.177,98.579,98.579,98.579,97.906,97.831,97.906,97.156,98.579,97.156,98.429,98.429,98.429,94.440,94.074,98.655,98.580,98.655,87.090,87.090,87.090,94.074,94.074,93.044,92.969,92.969,94.135,94.211,94.211,98.055,97.981,97.981,97.608,97.607,98.505,99.252,99.252,99.102,,94.623,94.623,94.694,96.572,96.572,96.423,96.039,95.964,96.114,94.993,94.729
RMNH.INS.1271376_Ae_albopictus - rrnL gene,87.145,87.145,87.145,90.773,90.773,90.773,95.359,95.509,95.359,93.844,93.844,93.844,87.239,87.239,87.239,92.009,91.872,91.934,91.579,91.504,91.579,93.563,93.563,93.638,92.186,92.186,92.186,94.843,94.918,94.918,94.843,94.918,94.918,94.996,94.996,94.996,94.615,94.465,94.540,94.241,94.996,94.241,94.918,94.918,94.918,93.308,93.844,94.922,94.847,94.922,87.294,87.294,87.294,93.844,93.844,91.841,91.766,91.766,93.153,93.303,93.228,94.918,94.843,94.843,94.245,94.241,94.772,94.993,94.993,94.843,94.623,,100.000,99.925,93.527,93.527,93.527,95.516,95.590,95.590,93.638,93.976
RMNH.INS.1271377_Ae_albopictus - rrnL gene,87.145,87.145,87.145,90.773,90.773,90.773,95.359,95.509,95.359,93.844,93.844,93.844,87.239,87.239,87.239,92.009,91.872,91.934,91.579,91.504,91.579,93.563,93.563,93.638,92.186,92.186,92.186,94.843,94.918,94.918,94.843,94.918,94.918,94.996,94.996,94.996,94.615,94.465,94.540,94.241,94.996,94.241,94.918,94.918,94.918,93.308,93.844,94.922,94.847,94.922,87.294,87.294,87.294,93.844,93.844,91.841,91.766,91.766,93.153,93.303,93.228,94.918,94.843,94.843,94.245,94.241,94.772,94.993,94.993,94.843,94.623,100.000,,99.925,93.527,93.527,93.527,95.516,95.590,95.590,93.638,93.976
RMNH.INS.1271378_Ae_albopictus - rrnL gene,87.210,87.210,87.210,90.841,90.841,90.841,95.431,95.581,95.431,93.914,93.914,93.914,87.304,87.304,87.304,92.078,91.940,92.003,91.648,91.573,91.648,93.633,93.633,93.708,92.256,92.256,92.256,94.914,94.989,94.989,94.914,94.989,94.989,95.067,95.067,95.067,94.686,94.536,94.611,94.311,95.067,94.311,94.989,94.989,94.989,93.378,93.914,94.993,94.918,94.993,87.360,87.360,87.360,93.914,93.914,91.910,91.835,91.835,93.223,93.373,93.298,94.989,94.914,94.914,94.316,94.311,94.843,95.064,95.064,94.914,94.694,99.925,99.925,,93.596,93.596,93.596,95.587,95.662,95.662,93.708,94.047
RMNH.INS.1271379_Ae_japonicus - rrnL gene,86.503,86.503,86.503,90.807,90.807,90.807,95.678,95.678,95.678,92.895,92.895,92.895,86.969,86.969,86.969,92.101,91.890,91.952,91.898,91.823,91.898,93.368,93.368,93.443,92.429,92.429,92.429,96.495,96.495,96.495,96.495,96.570,96.570,96.274,96.274,96.274,96.197,96.271,96.346,95.451,96.274,95.451,96.495,96.495,96.495,93.109,92.895,96.721,96.647,96.721,86.428,86.503,86.428,92.895,92.895,92.009,91.934,91.934,92.659,92.734,92.734,96.048,95.973,95.973,96.271,96.122,96.572,96.719,96.719,96.570,96.572,93.527,93.527,93.596,,100.000,99.851,94.639,94.564,94.713,93.443,93.173
RMNH.INS.1271380_Ae_japonicus - rrnL gene,86.503,86.503,86.503,90.807,90.807,90.807,95.678,95.678,95.678,92.895,92.895,92.895,86.969,86.969,86.969,92.101,91.890,91.952,91.898,91.823,91.898,93.368,93.368,93.443,92.429,92.429,92.429,96.495,96.495,96.495,96.495,96.570,96.570,96.274,96.274,96.274,96.197,96.271,96.346,95.451,96.274,95.451,96.495,96.495,96.495,93.109,92.895,96.721,96.647,96.721,86.428,86.503,86.428,92.895,92.895,92.009,91.934,91.934,92.659,92.734,92.734,96.048,95.973,95.973,96.271,96.122,96.572,96.719,96.719,96.570,96.572,93.527,93.527,93.596,100.000,,99.851,94.639,94.564,94.713,93.443,93.173
RMNH.INS.1271381_Ae_japonicus - rrnL gene,86.503,86.503,86.503,90.658,90.658,90.658,95.529,95.678,95.529,92.745,92.745,92.745,86.969,86.969,86.969,91.952,91.741,91.803,91.748,91.673,91.748,93.219,93.219,93.294,92.279,92.279,92.279,96.346,96.346,96.346,96.346,96.421,96.421,96.125,96.125,96.125,96.048,96.122,96.197,95.302,96.125,95.302,96.346,96.346,96.346,92.959,92.745,96.572,96.498,96.572,86.279,86.353,86.279,92.745,92.745,91.860,91.785,91.785,92.509,92.584,92.584,95.899,95.824,95.824,96.122,95.973,96.423,96.570,96.570,96.421,96.423,93.527,93.527,93.596,99.851,99.851,,94.490,94.415,94.564,93.294,93.023
RMNH.INS.1271382_Ae_aegypti - rrnL gene,87.444,87.519,87.519,90.616,90.616,90.616,97.154,97.154,97.154,93.689,93.689,93.689,87.313,87.313,87.313,92.900,92.761,92.825,92.626,92.551,92.626,94.382,94.382,94.457,92.932,92.932,92.932,96.111,96.185,96.185,96.111,96.185,96.185,96.338,96.338,96.338,95.734,95.584,95.659,95.284,96.338,95.284,96.335,96.335,96.335,93.905,93.689,96.114,96.114,96.114,87.220,87.294,87.220,93.689,93.689,92.734,92.659,92.659,94.051,94.202,94.127,95.886,95.812,95.812,95.662,95.659,96.039,96.185,96.185,96.185,96.039,95.516,95.516,95.587,94.639,94.639,94.490,,99.775,99.925,94.457,94.273
RMNH.INS.1271383_Ae_aegypti - rrnL gene,87.519,87.593,87.593,90.541,90.541,90.541,97.079,97.079,97.079,93.764,93.764,93.764,87.313,87.313,87.313,92.900,92.761,92.825,92.626,92.551,92.626,94.382,94.382,94.457,92.857,92.857,92.857,96.036,96.111,96.111,96.036,96.111,96.111,96.263,96.263,96.263,95.659,95.509,95.584,95.210,96.263,95.210,96.260,96.260,96.260,93.830,93.764,96.039,96.039,96.039,87.220,87.294,87.220,93.764,93.764,92.734,92.659,92.659,93.976,94.127,94.051,95.812,95.737,95.737,95.587,95.584,95.964,96.111,96.111,96.111,95.964,95.590,95.590,95.662,94.564,94.564,94.415,99.775,,99.850,94.457,94.197
RMNH.INS.1271384_Ae_aegypti - rrnL gene,87.519,87.593,87.593,90.691,90.691,90.691,97.228,97.228,97.228,93.764,93.764,93.764,87.388,87.388,87.388,92.975,92.836,92.900,92.701,92.626,92.701,94.457,94.457,94.532,92.932,92.932,92.932,96.185,96.260,96.260,96.185,96.260,96.260,96.413,96.413,96.413,95.808,95.659,95.734,95.359,96.413,95.359,96.410,96.410,96.410,93.980,93.764,96.188,96.188,96.188,87.294,87.369,87.294,93.764,93.764,92.809,92.734,92.734,94.127,94.277,94.202,95.961,95.886,95.886,95.737,95.734,96.114,96.260,96.260,96.260,96.114,95.590,95.590,95.662,94.713,94.713,94.564,99.925,99.850,,94.532,94.348
RMNH.INS.1271386_Ae_cinereus_geminus - rrnL gene,86.547,86.622,86.622,91.134,91.134,91.134,95.655,95.655,95.730,92.782,92.782,92.782,86.866,86.866,86.866,91.922,91.785,91.847,91.943,91.867,91.943,99.925,99.925,100.000,91.723,91.723,91.723,94.989,95.064,95.064,94.989,95.138,95.138,95.217,95.217,95.217,94.536,94.461,94.536,93.708,95.217,93.708,94.989,94.989,94.989,92.620,92.782,95.067,94.993,95.067,86.323,86.323,86.323,92.782,92.782,92.054,92.129,92.129,92.163,92.313,92.238,94.390,94.316,94.316,94.016,94.087,94.918,95.064,95.064,94.914,94.993,93.638,93.638,93.708,93.443,93.443,93.294,94.457,94.457,94.532,,92.911
RMNH.INS.1271389_Cs_ochroptera - rrnL gene,87.500,87.575,87.575,91.360,91.360,91.360,94.796,94.796,94.796,95.865,95.865,95.865,86.767,86.767,86.767,93.684,93.544,93.609,93.783,93.707,93.783,92.836,92.836,92.911,94.127,94.127,94.127,94.951,95.026,94.951,94.951,95.102,95.102,94.729,94.729,94.729,94.721,94.570,94.646,94.118,94.729,94.118,94.951,94.951,94.951,96.160,95.865,94.729,94.654,94.729,86.898,86.898,86.898,95.865,95.865,93.835,93.759,93.759,97.815,97.965,97.890,94.348,94.273,94.348,94.122,94.118,94.578,95.102,95.102,95.102,94.729,93.976,93.976,94.047,93.173,93.173,93.023,94.273,94.197,94.348,92.911,
