,RMNH.INS.1271298_An_messeae - tRNA-Leu2 gene,RMNH.INS.1271299_An_messeae - tRNA-Leu2 gene,RMNH.INS.1271300_An_messeae - tRNA-Leu2 gene,RMNH.INS.1271301_Cq_richiardii - tRNA-Leu2 gene,RMNH.INS.1271302_Cq_richiardii - tRNA-Leu2 gene,RMNH.INS.1271303_Cq_richiardii - tRNA-Leu2 gene,RMNH.INS.1271304_Ae_vexans - tRNA-Leu2 gene,RMNH.INS.1271305_Ae_vexans - tRNA-Leu2 gene,RMNH.INS.1271306_Ae_vexans - tRNA-Leu2 gene,RMNH.INS.1271307_Cs_annulata - tRNA-Leu2 gene,RMNH.INS.1271308_Cs_annulata - tRNA-Leu2 gene,RMNH.INS.1271309_Cs_annulata - tRNA-Leu2 gene,RMNH.INS.1271310_An_claviger - tRNA-Leu2 gene,RMNH.INS.1271311_An_claviger - tRNA-Leu2 gene,RMNH.INS.1271312_An_claviger - tRNA-Leu2 gene,RMNH.INS.1271313_Cx_modestus - tRNA-Leu2 gene,RMNH.INS.1271314_Cx_modestus - tRNA-Leu2 gene,RMNH.INS.1271315_Cx_modestus - tRNA-Leu2 gene,RMNH.INS.1271316_Cx_territans - tRNA-Leu2 gene,RMNH.INS.1271317_Cx_territans - tRNA-Leu2 gene,RMNH.INS.1271318_Cx_territans - tRNA-Leu2 gene,RMNH.INS.1271319_Ae_cinereus - tRNA-Leu2 gene,RMNH.INS.1271320_Ae_cinereus - tRNA-Leu2 gene,RMNH.INS.1271321_Ae_cinereus - tRNA-Leu2 gene,RMNH.INS.1271322_Cs_longiareolata - tRNA-Leu2 gene,RMNH.INS.1271323_Cs_longiareolata - tRNA-Leu2 gene,RMNH.INS.1271324_Cs_longiareolata - tRNA-Leu2 gene,RMNH.INS.1271325_Ae_annulipes_cantans - tRNA-Leu2 gene,RMNH.INS.1271326_Ae_annulipes_cantans - tRNA-Leu2 gene,RMNH.INS.1271327_Ae_annulipes_cantans - tRNA-Leu2 gene,RMNH.INS.1271328_Ae_annulipes_cantans - tRNA-Leu2 gene,RMNH.INS.1271329_Ae_annulipes_cantans - tRNA-Leu2 gene,RMNH.INS.1271330_Ae_annulipes_cantans - tRNA-Leu2 gene,RMNH.INS.1271331_Ae_rusticus - tRNA-Leu2 gene,RMNH.INS.1271332_Ae_rusticus - tRNA-Leu2 gene,RMNH.INS.1271333_Ae_rusticus - tRNA-Leu2 gene,RMNH.INS.1271334_Ae_communis - tRNA-Leu2 gene,RMNH.INS.1271335_Ae_communis - tRNA-Leu2 gene,RMNH.INS.1271336_Ae_communis - tRNA-Leu2 gene,RMNH.INS.1271337_Ae_punctor - tRNA-Leu2 gene,RMNH.INS.1271338_Ae_rusticus - tRNA-Leu2 gene,RMNH.INS.1271339_Ae_punctor - tRNA-Leu2 gene,RMNH.INS.1271340_Ae_geniculatus - tRNA-Leu2 gene,RMNH.INS.1271341_Ae_geniculatus - tRNA-Leu2 gene,RMNH.INS.1271342_Ae_geniculatus - tRNA-Leu2 gene,RMNH.INS.1271344_Cs_subochrea - tRNA-Leu2 gene,RMNH.INS.1271345_Cs_annulata - tRNA-Leu2 gene,RMNH.INS.1271346_Ae_caspius - tRNA-Leu2 gene,RMNH.INS.1271347_Ae_caspius - tRNA-Leu2 gene,RMNH.INS.1271348_Ae_caspius - tRNA-Leu2 gene,RMNH.INS.1271349_An_plumbeus_partial_genome - tRNA-Leu2 gene,RMNH.INS.1271350_An_plumbeus_partial_genome - tRNA-Leu2 gene,RMNH.INS.1271351_An_plumbeus_partial_genome - tRNA-Leu2 gene,RMNH.INS.1271352_Cs_annulata - tRNA-Leu2 gene,RMNH.INS.1271354_Cs_annulata - tRNA-Leu2 gene,RMNH.INS.1271355_Cx_pipiens - tRNA-Leu2 gene,RMNH.INS.1271356_Cx_pipiens - tRNA-Leu2 gene,RMNH.INS.1271357_Cx_pipiens - tRNA-Leu2 gene,RMNH.INS.1271358_Cs_morsitans - tRNA-Leu2 gene,RMNH.INS.1271359_Cs_morsitans - tRNA-Leu2 gene,RMNH.INS.1271360_Cs_morsitans - tRNA-Leu2 gene,RMNH.INS.1271361_Ae_sticticus - tRNA-Leu2 gene,RMNH.INS.1271362_Ae_sticticus - tRNA-Leu2 gene,RMNH.INS.1271363_Ae_sticticus - tRNA-Leu2 gene,RMNH.INS.1271367_Ae_detritus - tRNA-Leu2 gene,RMNH.INS.1271368_Ae_detritus - tRNA-Leu2 gene,RMNH.INS.1271369_Ae_caspius - tRNA-Leu2 gene,RMNH.INS.1271370_Ae_flavescens - tRNA-Leu2 gene,RMNH.INS.1271371_Ae_flavescens - tRNA-Leu2 gene,RMNH.INS.1271372_Ae_flavescens - tRNA-Leu2 gene,RMNH.INS.1271375_Ae_leucomelas - tRNA-Leu2 gene,RMNH.INS.1271376_Ae_albopictus - tRNA-Leu2 gene,RMNH.INS.1271377_Ae_albopictus - tRNA-Leu2 gene,RMNH.INS.1271378_Ae_albopictus - tRNA-Leu2 gene,RMNH.INS.1271379_Ae_japonicus - tRNA-Leu2 gene,RMNH.INS.1271380_Ae_japonicus - tRNA-Leu2 gene,RMNH.INS.1271381_Ae_japonicus - tRNA-Leu2 gene,RMNH.INS.1271382_Ae_aegypti - tRNA-Leu2 gene,RMNH.INS.1271383_Ae_aegypti - tRNA-Leu2 gene,RMNH.INS.1271384_Ae_aegypti - tRNA-Leu2 gene,RMNH.INS.1271386_Ae_cinereus - tRNA-Leu2 gene,RMNH.INS.1271389_Cs_ochroptera - tRNA-Leu2 gene
RMNH.INS.1271298_An_messeae - tRNA-Leu2 gene,,100,100,89.855,89.855,89.855,91.176,91.176,91.176,91.176,91.176,91.176,100,100,100,97.015,97.015,97.015,97.015,97.015,97.015,91.176,91.176,91.176,89.706,89.706,89.706,91.176,91.176,91.176,91.176,91.176,91.176,91.176,91.176,91.176,91.176,91.176,91.176,91.176,91.176,91.176,91.176,91.176,91.176,91.176,91.176,91.176,91.176,91.176,100,100,100,91.176,91.176,97.015,97.015,97.015,92.647,92.647,92.647,91.176,91.176,91.176,91.176,91.176,91.176,91.176,91.176,91.176,91.176,89.706,89.706,89.706,91.176,91.176,91.176,91.176,91.176,91.176,91.176,91.176
RMNH.INS.1271299_An_messeae - tRNA-Leu2 gene,100,,100,89.855,89.855,89.855,91.176,91.176,91.176,91.176,91.176,91.176,100,100,100,97.015,97.015,97.015,97.015,97.015,97.015,91.176,91.176,91.176,89.706,89.706,89.706,91.176,91.176,91.176,91.176,91.176,91.176,91.176,91.176,91.176,91.176,91.176,91.176,91.176,91.176,91.176,91.176,91.176,91.176,91.176,91.176,91.176,91.176,91.176,100,100,100,91.176,91.176,97.015,97.015,97.015,92.647,92.647,92.647,91.176,91.176,91.176,91.176,91.176,91.176,91.176,91.176,91.176,91.176,89.706,89.706,89.706,91.176,91.176,91.176,91.176,91.176,91.176,91.176,91.176
RMNH.INS.1271300_An_messeae - tRNA-Leu2 gene,100,100,,89.855,89.855,89.855,91.176,91.176,91.176,91.176,91.176,91.176,100,100,100,97.015,97.015,97.015,97.015,97.015,97.015,91.176,91.176,91.176,89.706,89.706,89.706,91.176,91.176,91.176,91.176,91.176,91.176,91.176,91.176,91.176,91.176,91.176,91.176,91.176,91.176,91.176,91.176,91.176,91.176,91.176,91.176,91.176,91.176,91.176,100,100,100,91.176,91.176,97.015,97.015,97.015,92.647,92.647,92.647,91.176,91.176,91.176,91.176,91.176,91.176,91.176,91.176,91.176,91.176,89.706,89.706,89.706,91.176,91.176,91.176,91.176,91.176,91.176,91.176,91.176
RMNH.INS.1271301_Cq_richiardii - tRNA-Leu2 gene,89.855,89.855,89.855,,100,100,95.652,95.652,95.652,95.652,95.652,95.652,89.855,89.855,89.855,89.855,89.855,89.855,89.855,89.855,89.855,95.652,95.652,95.652,92.754,92.754,92.754,95.652,95.652,95.652,95.652,95.652,95.652,95.652,95.652,95.652,95.652,95.652,95.652,94.203,95.652,94.203,95.652,95.652,95.652,95.652,95.652,95.652,95.652,95.652,89.855,89.855,89.855,95.652,95.652,89.855,89.855,89.855,92.754,92.754,92.754,95.652,95.652,95.652,95.652,95.652,95.652,95.652,95.652,95.652,95.652,94.203,94.203,94.203,95.652,95.652,95.652,95.652,95.652,95.652,95.652,88.406
RMNH.INS.1271302_Cq_richiardii - tRNA-Leu2 gene,89.855,89.855,89.855,100,,100,95.652,95.652,95.652,95.652,95.652,95.652,89.855,89.855,89.855,89.855,89.855,89.855,89.855,89.855,89.855,95.652,95.652,95.652,92.754,92.754,92.754,95.652,95.652,95.652,95.652,95.652,95.652,95.652,95.652,95.652,95.652,95.652,95.652,94.203,95.652,94.203,95.652,95.652,95.652,95.652,95.652,95.652,95.652,95.652,89.855,89.855,89.855,95.652,95.652,89.855,89.855,89.855,92.754,92.754,92.754,95.652,95.652,95.652,95.652,95.652,95.652,95.652,95.652,95.652,95.652,94.203,94.203,94.203,95.652,95.652,95.652,95.652,95.652,95.652,95.652,88.406
RMNH.INS.1271303_Cq_richiardii - tRNA-Leu2 gene,89.855,89.855,89.855,100,100,,95.652,95.652,95.652,95.652,95.652,95.652,89.855,89.855,89.855,89.855,89.855,89.855,89.855,89.855,89.855,95.652,95.652,95.652,92.754,92.754,92.754,95.652,95.652,95.652,95.652,95.652,95.652,95.652,95.652,95.652,95.652,95.652,95.652,94.203,95.652,94.203,95.652,95.652,95.652,95.652,95.652,95.652,95.652,95.652,89.855,89.855,89.855,95.652,95.652,89.855,89.855,89.855,92.754,92.754,92.754,95.652,95.652,95.652,95.652,95.652,95.652,95.652,95.652,95.652,95.652,94.203,94.203,94.203,95.652,95.652,95.652,95.652,95.652,95.652,95.652,88.406
RMNH.INS.1271304_Ae_vexans - tRNA-Leu2 gene,91.176,91.176,91.176,95.652,95.652,95.652,,100,100,100,100,100,91.176,91.176,91.176,94.118,94.118,94.118,94.118,94.118,94.118,100,100,100,97.059,97.059,97.059,100,100,100,100,100,100,100,100,100,100,100,100,98.529,100,98.529,100,100,100,100,100,100,100,100,91.176,91.176,91.176,100,100,94.118,94.118,94.118,97.059,97.059,97.059,100,100,100,100,100,100,100,100,100,100,98.529,98.529,98.529,100,100,100,100,100,100,100,92.647
RMNH.INS.1271305_Ae_vexans - tRNA-Leu2 gene,91.176,91.176,91.176,95.652,95.652,95.652,100,,100,100,100,100,91.176,91.176,91.176,94.118,94.118,94.118,94.118,94.118,94.118,100,100,100,97.059,97.059,97.059,100,100,100,100,100,100,100,100,100,100,100,100,98.529,100,98.529,100,100,100,100,100,100,100,100,91.176,91.176,91.176,100,100,94.118,94.118,94.118,97.059,97.059,97.059,100,100,100,100,100,100,100,100,100,100,98.529,98.529,98.529,100,100,100,100,100,100,100,92.647
RMNH.INS.1271306_Ae_vexans - tRNA-Leu2 gene,91.176,91.176,91.176,95.652,95.652,95.652,100,100,,100,100,100,91.176,91.176,91.176,94.118,94.118,94.118,94.118,94.118,94.118,100,100,100,97.059,97.059,97.059,100,100,100,100,100,100,100,100,100,100,100,100,98.529,100,98.529,100,100,100,100,100,100,100,100,91.176,91.176,91.176,100,100,94.118,94.118,94.118,97.059,97.059,97.059,100,100,100,100,100,100,100,100,100,100,98.529,98.529,98.529,100,100,100,100,100,100,100,92.647
RMNH.INS.1271307_Cs_annulata - tRNA-Leu2 gene,91.176,91.176,91.176,95.652,95.652,95.652,100,100,100,,100,100,91.176,91.176,91.176,94.118,94.118,94.118,94.118,94.118,94.118,100,100,100,97.059,97.059,97.059,100,100,100,100,100,100,100,100,100,100,100,100,98.529,100,98.529,100,100,100,100,100,100,100,100,91.176,91.176,91.176,100,100,94.118,94.118,94.118,97.059,97.059,97.059,100,100,100,100,100,100,100,100,100,100,98.529,98.529,98.529,100,100,100,100,100,100,100,92.647
RMNH.INS.1271308_Cs_annulata - tRNA-Leu2 gene,91.176,91.176,91.176,95.652,95.652,95.652,100,100,100,100,,100,91.176,91.176,91.176,94.118,94.118,94.118,94.118,94.118,94.118,100,100,100,97.059,97.059,97.059,100,100,100,100,100,100,100,100,100,100,100,100,98.529,100,98.529,100,100,100,100,100,100,100,100,91.176,91.176,91.176,100,100,94.118,94.118,94.118,97.059,97.059,97.059,100,100,100,100,100,100,100,100,100,100,98.529,98.529,98.529,100,100,100,100,100,100,100,92.647
RMNH.INS.1271309_Cs_annulata - tRNA-Leu2 gene,91.176,91.176,91.176,95.652,95.652,95.652,100,100,100,100,100,,91.176,91.176,91.176,94.118,94.118,94.118,94.118,94.118,94.118,100,100,100,97.059,97.059,97.059,100,100,100,100,100,100,100,100,100,100,100,100,98.529,100,98.529,100,100,100,100,100,100,100,100,91.176,91.176,91.176,100,100,94.118,94.118,94.118,97.059,97.059,97.059,100,100,100,100,100,100,100,100,100,100,98.529,98.529,98.529,100,100,100,100,100,100,100,92.647
RMNH.INS.1271310_An_claviger - tRNA-Leu2 gene,100,100,100,89.855,89.855,89.855,91.176,91.176,91.176,91.176,91.176,91.176,,100,100,97.015,97.015,97.015,97.015,97.015,97.015,91.176,91.176,91.176,89.706,89.706,89.706,91.176,91.176,91.176,91.176,91.176,91.176,91.176,91.176,91.176,91.176,91.176,91.176,91.176,91.176,91.176,91.176,91.176,91.176,91.176,91.176,91.176,91.176,91.176,100,100,100,91.176,91.176,97.015,97.015,97.015,92.647,92.647,92.647,91.176,91.176,91.176,91.176,91.176,91.176,91.176,91.176,91.176,91.176,89.706,89.706,89.706,91.176,91.176,91.176,91.176,91.176,91.176,91.176,91.176
RMNH.INS.1271311_An_claviger - tRNA-Leu2 gene,100,100,100,89.855,89.855,89.855,91.176,91.176,91.176,91.176,91.176,91.176,100,,100,97.015,97.015,97.015,97.015,97.015,97.015,91.176,91.176,91.176,89.706,89.706,89.706,91.176,91.176,91.176,91.176,91.176,91.176,91.176,91.176,91.176,91.176,91.176,91.176,91.176,91.176,91.176,91.176,91.176,91.176,91.176,91.176,91.176,91.176,91.176,100,100,100,91.176,91.176,97.015,97.015,97.015,92.647,92.647,92.647,91.176,91.176,91.176,91.176,91.176,91.176,91.176,91.176,91.176,91.176,89.706,89.706,89.706,91.176,91.176,91.176,91.176,91.176,91.176,91.176,91.176
RMNH.INS.1271312_An_claviger - tRNA-Leu2 gene,100,100,100,89.855,89.855,89.855,91.176,91.176,91.176,91.176,91.176,91.176,100,100,,97.015,97.015,97.015,97.015,97.015,97.015,91.176,91.176,91.176,89.706,89.706,89.706,91.176,91.176,91.176,91.176,91.176,91.176,91.176,91.176,91.176,91.176,91.176,91.176,91.176,91.176,91.176,91.176,91.176,91.176,91.176,91.176,91.176,91.176,91.176,100,100,100,91.176,91.176,97.015,97.015,97.015,92.647,92.647,92.647,91.176,91.176,91.176,91.176,91.176,91.176,91.176,91.176,91.176,91.176,89.706,89.706,89.706,91.176,91.176,91.176,91.176,91.176,91.176,91.176,91.176
RMNH.INS.1271313_Cx_modestus - tRNA-Leu2 gene,97.015,97.015,97.015,89.855,89.855,89.855,94.118,94.118,94.118,94.118,94.118,94.118,97.015,97.015,97.015,,100,100,100,100,100,94.118,94.118,94.118,92.647,92.647,92.647,94.118,94.118,94.118,94.118,94.118,94.118,94.118,94.118,94.118,94.118,94.118,94.118,94.118,94.118,94.118,94.118,94.118,94.118,94.118,94.118,94.118,94.118,94.118,97.015,97.015,97.015,94.118,94.118,100,100,100,94.118,94.118,94.118,94.118,94.118,94.118,94.118,94.118,94.118,94.118,94.118,94.118,94.118,92.647,92.647,92.647,94.118,94.118,94.118,94.118,94.118,94.118,94.118,92.647
RMNH.INS.1271314_Cx_modestus - tRNA-Leu2 gene,97.015,97.015,97.015,89.855,89.855,89.855,94.118,94.118,94.118,94.118,94.118,94.118,97.015,97.015,97.015,100,,100,100,100,100,94.118,94.118,94.118,92.647,92.647,92.647,94.118,94.118,94.118,94.118,94.118,94.118,94.118,94.118,94.118,94.118,94.118,94.118,94.118,94.118,94.118,94.118,94.118,94.118,94.118,94.118,94.118,94.118,94.118,97.015,97.015,97.015,94.118,94.118,100,100,100,94.118,94.118,94.118,94.118,94.118,94.118,94.118,94.118,94.118,94.118,94.118,94.118,94.118,92.647,92.647,92.647,94.118,94.118,94.118,94.118,94.118,94.118,94.118,92.647
RMNH.INS.1271315_Cx_modestus - tRNA-Leu2 gene,97.015,97.015,97.015,89.855,89.855,89.855,94.118,94.118,94.118,94.118,94.118,94.118,97.015,97.015,97.015,100,100,,100,100,100,94.118,94.118,94.118,92.647,92.647,92.647,94.118,94.118,94.118,94.118,94.118,94.118,94.118,94.118,94.118,94.118,94.118,94.118,94.118,94.118,94.118,94.118,94.118,94.118,94.118,94.118,94.118,94.118,94.118,97.015,97.015,97.015,94.118,94.118,100,100,100,94.118,94.118,94.118,94.118,94.118,94.118,94.118,94.118,94.118,94.118,94.118,94.118,94.118,92.647,92.647,92.647,94.118,94.118,94.118,94.118,94.118,94.118,94.118,92.647
RMNH.INS.1271316_Cx_territans - tRNA-Leu2 gene,97.015,97.015,97.015,89.855,89.855,89.855,94.118,94.118,94.118,94.118,94.118,94.118,97.015,97.015,97.015,100,100,100,,100,100,94.118,94.118,94.118,92.647,92.647,92.647,94.118,94.118,94.118,94.118,94.118,94.118,94.118,94.118,94.118,94.118,94.118,94.118,94.118,94.118,94.118,94.118,94.118,94.118,94.118,94.118,94.118,94.118,94.118,97.015,97.015,97.015,94.118,94.118,100,100,100,94.118,94.118,94.118,94.118,94.118,94.118,94.118,94.118,94.118,94.118,94.118,94.118,94.118,92.647,92.647,92.647,94.118,94.118,94.118,94.118,94.118,94.118,94.118,92.647
RMNH.INS.1271317_Cx_territans - tRNA-Leu2 gene,97.015,97.015,97.015,89.855,89.855,89.855,94.118,94.118,94.118,94.118,94.118,94.118,97.015,97.015,97.015,100,100,100,100,,100,94.118,94.118,94.118,92.647,92.647,92.647,94.118,94.118,94.118,94.118,94.118,94.118,94.118,94.118,94.118,94.118,94.118,94.118,94.118,94.118,94.118,94.118,94.118,94.118,94.118,94.118,94.118,94.118,94.118,97.015,97.015,97.015,94.118,94.118,100,100,100,94.118,94.118,94.118,94.118,94.118,94.118,94.118,94.118,94.118,94.118,94.118,94.118,94.118,92.647,92.647,92.647,94.118,94.118,94.118,94.118,94.118,94.118,94.118,92.647
RMNH.INS.1271318_Cx_territans - tRNA-Leu2 gene,97.015,97.015,97.015,89.855,89.855,89.855,94.118,94.118,94.118,94.118,94.118,94.118,97.015,97.015,97.015,100,100,100,100,100,,94.118,94.118,94.118,92.647,92.647,92.647,94.118,94.118,94.118,94.118,94.118,94.118,94.118,94.118,94.118,94.118,94.118,94.118,94.118,94.118,94.118,94.118,94.118,94.118,94.118,94.118,94.118,94.118,94.118,97.015,97.015,97.015,94.118,94.118,100,100,100,94.118,94.118,94.118,94.118,94.118,94.118,94.118,94.118,94.118,94.118,94.118,94.118,94.118,92.647,92.647,92.647,94.118,94.118,94.118,94.118,94.118,94.118,94.118,92.647
RMNH.INS.1271319_Ae_cinereus - tRNA-Leu2 gene,91.176,91.176,91.176,95.652,95.652,95.652,100,100,100,100,100,100,91.176,91.176,91.176,94.118,94.118,94.118,94.118,94.118,94.118,,100,100,97.059,97.059,97.059,100,100,100,100,100,100,100,100,100,100,100,100,98.529,100,98.529,100,100,100,100,100,100,100,100,91.176,91.176,91.176,100,100,94.118,94.118,94.118,97.059,97.059,97.059,100,100,100,100,100,100,100,100,100,100,98.529,98.529,98.529,100,100,100,100,100,100,100,92.647
RMNH.INS.1271320_Ae_cinereus - tRNA-Leu2 gene,91.176,91.176,91.176,95.652,95.652,95.652,100,100,100,100,100,100,91.176,91.176,91.176,94.118,94.118,94.118,94.118,94.118,94.118,100,,100,97.059,97.059,97.059,100,100,100,100,100,100,100,100,100,100,100,100,98.529,100,98.529,100,100,100,100,100,100,100,100,91.176,91.176,91.176,100,100,94.118,94.118,94.118,97.059,97.059,97.059,100,100,100,100,100,100,100,100,100,100,98.529,98.529,98.529,100,100,100,100,100,100,100,92.647
RMNH.INS.1271321_Ae_cinereus - tRNA-Leu2 gene,91.176,91.176,91.176,95.652,95.652,95.652,100,100,100,100,100,100,91.176,91.176,91.176,94.118,94.118,94.118,94.118,94.118,94.118,100,100,,97.059,97.059,97.059,100,100,100,100,100,100,100,100,100,100,100,100,98.529,100,98.529,100,100,100,100,100,100,100,100,91.176,91.176,91.176,100,100,94.118,94.118,94.118,97.059,97.059,97.059,100,100,100,100,100,100,100,100,100,100,98.529,98.529,98.529,100,100,100,100,100,100,100,92.647
RMNH.INS.1271322_Cs_longiareolata - tRNA-Leu2 gene,89.706,89.706,89.706,92.754,92.754,92.754,97.059,97.059,97.059,97.059,97.059,97.059,89.706,89.706,89.706,92.647,92.647,92.647,92.647,92.647,92.647,97.059,97.059,97.059,,100,100,97.059,97.059,97.059,97.059,97.059,97.059,97.059,97.059,97.059,97.059,97.059,97.059,95.588,97.059,95.588,97.059,97.059,97.059,97.059,97.059,97.059,97.059,97.059,89.706,89.706,89.706,97.059,97.059,92.647,92.647,92.647,94.118,94.118,94.118,97.059,97.059,97.059,97.059,97.059,97.059,97.059,97.059,97.059,97.059,95.588,95.588,95.588,97.059,97.059,97.059,97.059,97.059,97.059,97.059,92.647
RMNH.INS.1271323_Cs_longiareolata - tRNA-Leu2 gene,89.706,89.706,89.706,92.754,92.754,92.754,97.059,97.059,97.059,97.059,97.059,97.059,89.706,89.706,89.706,92.647,92.647,92.647,92.647,92.647,92.647,97.059,97.059,97.059,100,,100,97.059,97.059,97.059,97.059,97.059,97.059,97.059,97.059,97.059,97.059,97.059,97.059,95.588,97.059,95.588,97.059,97.059,97.059,97.059,97.059,97.059,97.059,97.059,89.706,89.706,89.706,97.059,97.059,92.647,92.647,92.647,94.118,94.118,94.118,97.059,97.059,97.059,97.059,97.059,97.059,97.059,97.059,97.059,97.059,95.588,95.588,95.588,97.059,97.059,97.059,97.059,97.059,97.059,97.059,92.647
RMNH.INS.1271324_Cs_longiareolata - tRNA-Leu2 gene,89.706,89.706,89.706,92.754,92.754,92.754,97.059,97.059,97.059,97.059,97.059,97.059,89.706,89.706,89.706,92.647,92.647,92.647,92.647,92.647,92.647,97.059,97.059,97.059,100,100,,97.059,97.059,97.059,97.059,97.059,97.059,97.059,97.059,97.059,97.059,97.059,97.059,95.588,97.059,95.588,97.059,97.059,97.059,97.059,97.059,97.059,97.059,97.059,89.706,89.706,89.706,97.059,97.059,92.647,92.647,92.647,94.118,94.118,94.118,97.059,97.059,97.059,97.059,97.059,97.059,97.059,97.059,97.059,97.059,95.588,95.588,95.588,97.059,97.059,97.059,97.059,97.059,97.059,97.059,92.647
RMNH.INS.1271325_Ae_annulipes_cantans - tRNA-Leu2 gene,91.176,91.176,91.176,95.652,95.652,95.652,100,100,100,100,100,100,91.176,91.176,91.176,94.118,94.118,94.118,94.118,94.118,94.118,100,100,100,97.059,97.059,97.059,,100,100,100,100,100,100,100,100,100,100,100,98.529,100,98.529,100,100,100,100,100,100,100,100,91.176,91.176,91.176,100,100,94.118,94.118,94.118,97.059,97.059,97.059,100,100,100,100,100,100,100,100,100,100,98.529,98.529,98.529,100,100,100,100,100,100,100,92.647
RMNH.INS.1271326_Ae_annulipes_cantans - tRNA-Leu2 gene,91.176,91.176,91.176,95.652,95.652,95.652,100,100,100,100,100,100,91.176,91.176,91.176,94.118,94.118,94.118,94.118,94.118,94.118,100,100,100,97.059,97.059,97.059,100,,100,100,100,100,100,100,100,100,100,100,98.529,100,98.529,100,100,100,100,100,100,100,100,91.176,91.176,91.176,100,100,94.118,94.118,94.118,97.059,97.059,97.059,100,100,100,100,100,100,100,100,100,100,98.529,98.529,98.529,100,100,100,100,100,100,100,92.647
RMNH.INS.1271327_Ae_annulipes_cantans - tRNA-Leu2 gene,91.176,91.176,91.176,95.652,95.652,95.652,100,100,100,100,100,100,91.176,91.176,91.176,94.118,94.118,94.118,94.118,94.118,94.118,100,100,100,97.059,97.059,97.059,100,100,,100,100,100,100,100,100,100,100,100,98.529,100,98.529,100,100,100,100,100,100,100,100,91.176,91.176,91.176,100,100,94.118,94.118,94.118,97.059,97.059,97.059,100,100,100,100,100,100,100,100,100,100,98.529,98.529,98.529,100,100,100,100,100,100,100,92.647
RMNH.INS.1271328_Ae_annulipes_cantans - tRNA-Leu2 gene,91.176,91.176,91.176,95.652,95.652,95.652,100,100,100,100,100,100,91.176,91.176,91.176,94.118,94.118,94.118,94.118,94.118,94.118,100,100,100,97.059,97.059,97.059,100,100,100,,100,100,100,100,100,100,100,100,98.529,100,98.529,100,100,100,100,100,100,100,100,91.176,91.176,91.176,100,100,94.118,94.118,94.118,97.059,97.059,97.059,100,100,100,100,100,100,100,100,100,100,98.529,98.529,98.529,100,100,100,100,100,100,100,92.647
RMNH.INS.1271329_Ae_annulipes_cantans - tRNA-Leu2 gene,91.176,91.176,91.176,95.652,95.652,95.652,100,100,100,100,100,100,91.176,91.176,91.176,94.118,94.118,94.118,94.118,94.118,94.118,100,100,100,97.059,97.059,97.059,100,100,100,100,,100,100,100,100,100,100,100,98.529,100,98.529,100,100,100,100,100,100,100,100,91.176,91.176,91.176,100,100,94.118,94.118,94.118,97.059,97.059,97.059,100,100,100,100,100,100,100,100,100,100,98.529,98.529,98.529,100,100,100,100,100,100,100,92.647
RMNH.INS.1271330_Ae_annulipes_cantans - tRNA-Leu2 gene,91.176,91.176,91.176,95.652,95.652,95.652,100,100,100,100,100,100,91.176,91.176,91.176,94.118,94.118,94.118,94.118,94.118,94.118,100,100,100,97.059,97.059,97.059,100,100,100,100,100,,100,100,100,100,100,100,98.529,100,98.529,100,100,100,100,100,100,100,100,91.176,91.176,91.176,100,100,94.118,94.118,94.118,97.059,97.059,97.059,100,100,100,100,100,100,100,100,100,100,98.529,98.529,98.529,100,100,100,100,100,100,100,92.647
RMNH.INS.1271331_Ae_rusticus - tRNA-Leu2 gene,91.176,91.176,91.176,95.652,95.652,95.652,100,100,100,100,100,100,91.176,91.176,91.176,94.118,94.118,94.118,94.118,94.118,94.118,100,100,100,97.059,97.059,97.059,100,100,100,100,100,100,,100,100,100,100,100,98.529,100,98.529,100,100,100,100,100,100,100,100,91.176,91.176,91.176,100,100,94.118,94.118,94.118,97.059,97.059,97.059,100,100,100,100,100,100,100,100,100,100,98.529,98.529,98.529,100,100,100,100,100,100,100,92.647
RMNH.INS.1271332_Ae_rusticus - tRNA-Leu2 gene,91.176,91.176,91.176,95.652,95.652,95.652,100,100,100,100,100,100,91.176,91.176,91.176,94.118,94.118,94.118,94.118,94.118,94.118,100,100,100,97.059,97.059,97.059,100,100,100,100,100,100,100,,100,100,100,100,98.529,100,98.529,100,100,100,100,100,100,100,100,91.176,91.176,91.176,100,100,94.118,94.118,94.118,97.059,97.059,97.059,100,100,100,100,100,100,100,100,100,100,98.529,98.529,98.529,100,100,100,100,100,100,100,92.647
RMNH.INS.1271333_Ae_rusticus - tRNA-Leu2 gene,91.176,91.176,91.176,95.652,95.652,95.652,100,100,100,100,100,100,91.176,91.176,91.176,94.118,94.118,94.118,94.118,94.118,94.118,100,100,100,97.059,97.059,97.059,100,100,100,100,100,100,100,100,,100,100,100,98.529,100,98.529,100,100,100,100,100,100,100,100,91.176,91.176,91.176,100,100,94.118,94.118,94.118,97.059,97.059,97.059,100,100,100,100,100,100,100,100,100,100,98.529,98.529,98.529,100,100,100,100,100,100,100,92.647
RMNH.INS.1271334_Ae_communis - tRNA-Leu2 gene,91.176,91.176,91.176,95.652,95.652,95.652,100,100,100,100,100,100,91.176,91.176,91.176,94.118,94.118,94.118,94.118,94.118,94.118,100,100,100,97.059,97.059,97.059,100,100,100,100,100,100,100,100,100,,100,100,98.529,100,98.529,100,100,100,100,100,100,100,100,91.176,91.176,91.176,100,100,94.118,94.118,94.118,97.059,97.059,97.059,100,100,100,100,100,100,100,100,100,100,98.529,98.529,98.529,100,100,100,100,100,100,100,92.647
RMNH.INS.1271335_Ae_communis - tRNA-Leu2 gene,91.176,91.176,91.176,95.652,95.652,95.652,100,100,100,100,100,100,91.176,91.176,91.176,94.118,94.118,94.118,94.118,94.118,94.118,100,100,100,97.059,97.059,97.059,100,100,100,100,100,100,100,100,100,100,,100,98.529,100,98.529,100,100,100,100,100,100,100,100,91.176,91.176,91.176,100,100,94.118,94.118,94.118,97.059,97.059,97.059,100,100,100,100,100,100,100,100,100,100,98.529,98.529,98.529,100,100,100,100,100,100,100,92.647
RMNH.INS.1271336_Ae_communis - tRNA-Leu2 gene,91.176,91.176,91.176,95.652,95.652,95.652,100,100,100,100,100,100,91.176,91.176,91.176,94.118,94.118,94.118,94.118,94.118,94.118,100,100,100,97.059,97.059,97.059,100,100,100,100,100,100,100,100,100,100,100,,98.529,100,98.529,100,100,100,100,100,100,100,100,91.176,91.176,91.176,100,100,94.118,94.118,94.118,97.059,97.059,97.059,100,100,100,100,100,100,100,100,100,100,98.529,98.529,98.529,100,100,100,100,100,100,100,92.647
RMNH.INS.1271337_Ae_punctor - tRNA-Leu2 gene,91.176,91.176,91.176,94.203,94.203,94.203,98.529,98.529,98.529,98.529,98.529,98.529,91.176,91.176,91.176,94.118,94.118,94.118,94.118,94.118,94.118,98.529,98.529,98.529,95.588,95.588,95.588,98.529,98.529,98.529,98.529,98.529,98.529,98.529,98.529,98.529,98.529,98.529,98.529,,98.529,100,98.529,98.529,98.529,98.529,98.529,98.529,98.529,98.529,91.176,91.176,91.176,98.529,98.529,94.118,94.118,94.118,95.588,95.588,95.588,98.529,98.529,98.529,98.529,98.529,98.529,98.529,98.529,98.529,98.529,97.059,97.059,97.059,98.529,98.529,98.529,98.529,98.529,98.529,98.529,92.647
RMNH.INS.1271338_Ae_rusticus - tRNA-Leu2 gene,91.176,91.176,91.176,95.652,95.652,95.652,100,100,100,100,100,100,91.176,91.176,91.176,94.118,94.118,94.118,94.118,94.118,94.118,100,100,100,97.059,97.059,97.059,100,100,100,100,100,100,100,100,100,100,100,100,98.529,,98.529,100,100,100,100,100,100,100,100,91.176,91.176,91.176,100,100,94.118,94.118,94.118,97.059,97.059,97.059,100,100,100,100,100,100,100,100,100,100,98.529,98.529,98.529,100,100,100,100,100,100,100,92.647
RMNH.INS.1271339_Ae_punctor - tRNA-Leu2 gene,91.176,91.176,91.176,94.203,94.203,94.203,98.529,98.529,98.529,98.529,98.529,98.529,91.176,91.176,91.176,94.118,94.118,94.118,94.118,94.118,94.118,98.529,98.529,98.529,95.588,95.588,95.588,98.529,98.529,98.529,98.529,98.529,98.529,98.529,98.529,98.529,98.529,98.529,98.529,100,98.529,,98.529,98.529,98.529,98.529,98.529,98.529,98.529,98.529,91.176,91.176,91.176,98.529,98.529,94.118,94.118,94.118,95.588,95.588,95.588,98.529,98.529,98.529,98.529,98.529,98.529,98.529,98.529,98.529,98.529,97.059,97.059,97.059,98.529,98.529,98.529,98.529,98.529,98.529,98.529,92.647
RMNH.INS.1271340_Ae_geniculatus - tRNA-Leu2 gene,91.176,91.176,91.176,95.652,95.652,95.652,100,100,100,100,100,100,91.176,91.176,91.176,94.118,94.118,94.118,94.118,94.118,94.118,100,100,100,97.059,97.059,97.059,100,100,100,100,100,100,100,100,100,100,100,100,98.529,100,98.529,,100,100,100,100,100,100,100,91.176,91.176,91.176,100,100,94.118,94.118,94.118,97.059,97.059,97.059,100,100,100,100,100,100,100,100,100,100,98.529,98.529,98.529,100,100,100,100,100,100,100,92.647
RMNH.INS.1271341_Ae_geniculatus - tRNA-Leu2 gene,91.176,91.176,91.176,95.652,95.652,95.652,100,100,100,100,100,100,91.176,91.176,91.176,94.118,94.118,94.118,94.118,94.118,94.118,100,100,100,97.059,97.059,97.059,100,100,100,100,100,100,100,100,100,100,100,100,98.529,100,98.529,100,,100,100,100,100,100,100,91.176,91.176,91.176,100,100,94.118,94.118,94.118,97.059,97.059,97.059,100,100,100,100,100,100,100,100,100,100,98.529,98.529,98.529,100,100,100,100,100,100,100,92.647
RMNH.INS.1271342_Ae_geniculatus - tRNA-Leu2 gene,91.176,91.176,91.176,95.652,95.652,95.652,100,100,100,100,100,100,91.176,91.176,91.176,94.118,94.118,94.118,94.118,94.118,94.118,100,100,100,97.059,97.059,97.059,100,100,100,100,100,100,100,100,100,100,100,100,98.529,100,98.529,100,100,,100,100,100,100,100,91.176,91.176,91.176,100,100,94.118,94.118,94.118,97.059,97.059,97.059,100,100,100,100,100,100,100,100,100,100,98.529,98.529,98.529,100,100,100,100,100,100,100,92.647
RMNH.INS.1271344_Cs_subochrea - tRNA-Leu2 gene,91.176,91.176,91.176,95.652,95.652,95.652,100,100,100,100,100,100,91.176,91.176,91.176,94.118,94.118,94.118,94.118,94.118,94.118,100,100,100,97.059,97.059,97.059,100,100,100,100,100,100,100,100,100,100,100,100,98.529,100,98.529,100,100,100,,100,100,100,100,91.176,91.176,91.176,100,100,94.118,94.118,94.118,97.059,97.059,97.059,100,100,100,100,100,100,100,100,100,100,98.529,98.529,98.529,100,100,100,100,100,100,100,92.647
RMNH.INS.1271345_Cs_annulata - tRNA-Leu2 gene,91.176,91.176,91.176,95.652,95.652,95.652,100,100,100,100,100,100,91.176,91.176,91.176,94.118,94.118,94.118,94.118,94.118,94.118,100,100,100,97.059,97.059,97.059,100,100,100,100,100,100,100,100,100,100,100,100,98.529,100,98.529,100,100,100,100,,100,100,100,91.176,91.176,91.176,100,100,94.118,94.118,94.118,97.059,97.059,97.059,100,100,100,100,100,100,100,100,100,100,98.529,98.529,98.529,100,100,100,100,100,100,100,92.647
RMNH.INS.1271346_Ae_caspius - tRNA-Leu2 gene,91.176,91.176,91.176,95.652,95.652,95.652,100,100,100,100,100,100,91.176,91.176,91.176,94.118,94.118,94.118,94.118,94.118,94.118,100,100,100,97.059,97.059,97.059,100,100,100,100,100,100,100,100,100,100,100,100,98.529,100,98.529,100,100,100,100,100,,100,100,91.176,91.176,91.176,100,100,94.118,94.118,94.118,97.059,97.059,97.059,100,100,100,100,100,100,100,100,100,100,98.529,98.529,98.529,100,100,100,100,100,100,100,92.647
RMNH.INS.1271347_Ae_caspius - tRNA-Leu2 gene,91.176,91.176,91.176,95.652,95.652,95.652,100,100,100,100,100,100,91.176,91.176,91.176,94.118,94.118,94.118,94.118,94.118,94.118,100,100,100,97.059,97.059,97.059,100,100,100,100,100,100,100,100,100,100,100,100,98.529,100,98.529,100,100,100,100,100,100,,100,91.176,91.176,91.176,100,100,94.118,94.118,94.118,97.059,97.059,97.059,100,100,100,100,100,100,100,100,100,100,98.529,98.529,98.529,100,100,100,100,100,100,100,92.647
RMNH.INS.1271348_Ae_caspius - tRNA-Leu2 gene,91.176,91.176,91.176,95.652,95.652,95.652,100,100,100,100,100,100,91.176,91.176,91.176,94.118,94.118,94.118,94.118,94.118,94.118,100,100,100,97.059,97.059,97.059,100,100,100,100,100,100,100,100,100,100,100,100,98.529,100,98.529,100,100,100,100,100,100,100,,91.176,91.176,91.176,100,100,94.118,94.118,94.118,97.059,97.059,97.059,100,100,100,100,100,100,100,100,100,100,98.529,98.529,98.529,100,100,100,100,100,100,100,92.647
RMNH.INS.1271349_An_plumbeus_partial_genome - tRNA-Leu2 gene,100,100,100,89.855,89.855,89.855,91.176,91.176,91.176,91.176,91.176,91.176,100,100,100,97.015,97.015,97.015,97.015,97.015,97.015,91.176,91.176,91.176,89.706,89.706,89.706,91.176,91.176,91.176,91.176,91.176,91.176,91.176,91.176,91.176,91.176,91.176,91.176,91.176,91.176,91.176,91.176,91.176,91.176,91.176,91.176,91.176,91.176,91.176,,100,100,91.176,91.176,97.015,97.015,97.015,92.647,92.647,92.647,91.176,91.176,91.176,91.176,91.176,91.176,91.176,91.176,91.176,91.176,89.706,89.706,89.706,91.176,91.176,91.176,91.176,91.176,91.176,91.176,91.176
RMNH.INS.1271350_An_plumbeus_partial_genome - tRNA-Leu2 gene,100,100,100,89.855,89.855,89.855,91.176,91.176,91.176,91.176,91.176,91.176,100,100,100,97.015,97.015,97.015,97.015,97.015,97.015,91.176,91.176,91.176,89.706,89.706,89.706,91.176,91.176,91.176,91.176,91.176,91.176,91.176,91.176,91.176,91.176,91.176,91.176,91.176,91.176,91.176,91.176,91.176,91.176,91.176,91.176,91.176,91.176,91.176,100,,100,91.176,91.176,97.015,97.015,97.015,92.647,92.647,92.647,91.176,91.176,91.176,91.176,91.176,91.176,91.176,91.176,91.176,91.176,89.706,89.706,89.706,91.176,91.176,91.176,91.176,91.176,91.176,91.176,91.176
RMNH.INS.1271351_An_plumbeus_partial_genome - tRNA-Leu2 gene,100,100,100,89.855,89.855,89.855,91.176,91.176,91.176,91.176,91.176,91.176,100,100,100,97.015,97.015,97.015,97.015,97.015,97.015,91.176,91.176,91.176,89.706,89.706,89.706,91.176,91.176,91.176,91.176,91.176,91.176,91.176,91.176,91.176,91.176,91.176,91.176,91.176,91.176,91.176,91.176,91.176,91.176,91.176,91.176,91.176,91.176,91.176,100,100,,91.176,91.176,97.015,97.015,97.015,92.647,92.647,92.647,91.176,91.176,91.176,91.176,91.176,91.176,91.176,91.176,91.176,91.176,89.706,89.706,89.706,91.176,91.176,91.176,91.176,91.176,91.176,91.176,91.176
RMNH.INS.1271352_Cs_annulata - tRNA-Leu2 gene,91.176,91.176,91.176,95.652,95.652,95.652,100,100,100,100,100,100,91.176,91.176,91.176,94.118,94.118,94.118,94.118,94.118,94.118,100,100,100,97.059,97.059,97.059,100,100,100,100,100,100,100,100,100,100,100,100,98.529,100,98.529,100,100,100,100,100,100,100,100,91.176,91.176,91.176,,100,94.118,94.118,94.118,97.059,97.059,97.059,100,100,100,100,100,100,100,100,100,100,98.529,98.529,98.529,100,100,100,100,100,100,100,92.647
RMNH.INS.1271354_Cs_annulata - tRNA-Leu2 gene,91.176,91.176,91.176,95.652,95.652,95.652,100,100,100,100,100,100,91.176,91.176,91.176,94.118,94.118,94.118,94.118,94.118,94.118,100,100,100,97.059,97.059,97.059,100,100,100,100,100,100,100,100,100,100,100,100,98.529,100,98.529,100,100,100,100,100,100,100,100,91.176,91.176,91.176,100,,94.118,94.118,94.118,97.059,97.059,97.059,100,100,100,100,100,100,100,100,100,100,98.529,98.529,98.529,100,100,100,100,100,100,100,92.647
RMNH.INS.1271355_Cx_pipiens - tRNA-Leu2 gene,97.015,97.015,97.015,89.855,89.855,89.855,94.118,94.118,94.118,94.118,94.118,94.118,97.015,97.015,97.015,100,100,100,100,100,100,94.118,94.118,94.118,92.647,92.647,92.647,94.118,94.118,94.118,94.118,94.118,94.118,94.118,94.118,94.118,94.118,94.118,94.118,94.118,94.118,94.118,94.118,94.118,94.118,94.118,94.118,94.118,94.118,94.118,97.015,97.015,97.015,94.118,94.118,,100,100,94.118,94.118,94.118,94.118,94.118,94.118,94.118,94.118,94.118,94.118,94.118,94.118,94.118,92.647,92.647,92.647,94.118,94.118,94.118,94.118,94.118,94.118,94.118,92.647
RMNH.INS.1271356_Cx_pipiens - tRNA-Leu2 gene,97.015,97.015,97.015,89.855,89.855,89.855,94.118,94.118,94.118,94.118,94.118,94.118,97.015,97.015,97.015,100,100,100,100,100,100,94.118,94.118,94.118,92.647,92.647,92.647,94.118,94.118,94.118,94.118,94.118,94.118,94.118,94.118,94.118,94.118,94.118,94.118,94.118,94.118,94.118,94.118,94.118,94.118,94.118,94.118,94.118,94.118,94.118,97.015,97.015,97.015,94.118,94.118,100,,100,94.118,94.118,94.118,94.118,94.118,94.118,94.118,94.118,94.118,94.118,94.118,94.118,94.118,92.647,92.647,92.647,94.118,94.118,94.118,94.118,94.118,94.118,94.118,92.647
RMNH.INS.1271357_Cx_pipiens - tRNA-Leu2 gene,97.015,97.015,97.015,89.855,89.855,89.855,94.118,94.118,94.118,94.118,94.118,94.118,97.015,97.015,97.015,100,100,100,100,100,100,94.118,94.118,94.118,92.647,92.647,92.647,94.118,94.118,94.118,94.118,94.118,94.118,94.118,94.118,94.118,94.118,94.118,94.118,94.118,94.118,94.118,94.118,94.118,94.118,94.118,94.118,94.118,94.118,94.118,97.015,97.015,97.015,94.118,94.118,100,100,,94.118,94.118,94.118,94.118,94.118,94.118,94.118,94.118,94.118,94.118,94.118,94.118,94.118,92.647,92.647,92.647,94.118,94.118,94.118,94.118,94.118,94.118,94.118,92.647
RMNH.INS.1271358_Cs_morsitans - tRNA-Leu2 gene,92.647,92.647,92.647,92.754,92.754,92.754,97.059,97.059,97.059,97.059,97.059,97.059,92.647,92.647,92.647,94.118,94.118,94.118,94.118,94.118,94.118,97.059,97.059,97.059,94.118,94.118,94.118,97.059,97.059,97.059,97.059,97.059,97.059,97.059,97.059,97.059,97.059,97.059,97.059,95.588,97.059,95.588,97.059,97.059,97.059,97.059,97.059,97.059,97.059,97.059,92.647,92.647,92.647,97.059,97.059,94.118,94.118,94.118,,100,100,97.059,97.059,97.059,97.059,97.059,97.059,97.059,97.059,97.059,97.059,95.588,95.588,95.588,97.059,97.059,97.059,97.059,97.059,97.059,97.059,94.118
RMNH.INS.1271359_Cs_morsitans - tRNA-Leu2 gene,92.647,92.647,92.647,92.754,92.754,92.754,97.059,97.059,97.059,97.059,97.059,97.059,92.647,92.647,92.647,94.118,94.118,94.118,94.118,94.118,94.118,97.059,97.059,97.059,94.118,94.118,94.118,97.059,97.059,97.059,97.059,97.059,97.059,97.059,97.059,97.059,97.059,97.059,97.059,95.588,97.059,95.588,97.059,97.059,97.059,97.059,97.059,97.059,97.059,97.059,92.647,92.647,92.647,97.059,97.059,94.118,94.118,94.118,100,,100,97.059,97.059,97.059,97.059,97.059,97.059,97.059,97.059,97.059,97.059,95.588,95.588,95.588,97.059,97.059,97.059,97.059,97.059,97.059,97.059,94.118
RMNH.INS.1271360_Cs_morsitans - tRNA-Leu2 gene,92.647,92.647,92.647,92.754,92.754,92.754,97.059,97.059,97.059,97.059,97.059,97.059,92.647,92.647,92.647,94.118,94.118,94.118,94.118,94.118,94.118,97.059,97.059,97.059,94.118,94.118,94.118,97.059,97.059,97.059,97.059,97.059,97.059,97.059,97.059,97.059,97.059,97.059,97.059,95.588,97.059,95.588,97.059,97.059,97.059,97.059,97.059,97.059,97.059,97.059,92.647,92.647,92.647,97.059,97.059,94.118,94.118,94.118,100,100,,97.059,97.059,97.059,97.059,97.059,97.059,97.059,97.059,97.059,97.059,95.588,95.588,95.588,97.059,97.059,97.059,97.059,97.059,97.059,97.059,94.118
RMNH.INS.1271361_Ae_sticticus - tRNA-Leu2 gene,91.176,91.176,91.176,95.652,95.652,95.652,100,100,100,100,100,100,91.176,91.176,91.176,94.118,94.118,94.118,94.118,94.118,94.118,100,100,100,97.059,97.059,97.059,100,100,100,100,100,100,100,100,100,100,100,100,98.529,100,98.529,100,100,100,100,100,100,100,100,91.176,91.176,91.176,100,100,94.118,94.118,94.118,97.059,97.059,97.059,,100,100,100,100,100,100,100,100,100,98.529,98.529,98.529,100,100,100,100,100,100,100,92.647
RMNH.INS.1271362_Ae_sticticus - tRNA-Leu2 gene,91.176,91.176,91.176,95.652,95.652,95.652,100,100,100,100,100,100,91.176,91.176,91.176,94.118,94.118,94.118,94.118,94.118,94.118,100,100,100,97.059,97.059,97.059,100,100,100,100,100,100,100,100,100,100,100,100,98.529,100,98.529,100,100,100,100,100,100,100,100,91.176,91.176,91.176,100,100,94.118,94.118,94.118,97.059,97.059,97.059,100,,100,100,100,100,100,100,100,100,98.529,98.529,98.529,100,100,100,100,100,100,100,92.647
RMNH.INS.1271363_Ae_sticticus - tRNA-Leu2 gene,91.176,91.176,91.176,95.652,95.652,95.652,100,100,100,100,100,100,91.176,91.176,91.176,94.118,94.118,94.118,94.118,94.118,94.118,100,100,100,97.059,97.059,97.059,100,100,100,100,100,100,100,100,100,100,100,100,98.529,100,98.529,100,100,100,100,100,100,100,100,91.176,91.176,91.176,100,100,94.118,94.118,94.118,97.059,97.059,97.059,100,100,,100,100,100,100,100,100,100,98.529,98.529,98.529,100,100,100,100,100,100,100,92.647
RMNH.INS.1271367_Ae_detritus - tRNA-Leu2 gene,91.176,91.176,91.176,95.652,95.652,95.652,100,100,100,100,100,100,91.176,91.176,91.176,94.118,94.118,94.118,94.118,94.118,94.118,100,100,100,97.059,97.059,97.059,100,100,100,100,100,100,100,100,100,100,100,100,98.529,100,98.529,100,100,100,100,100,100,100,100,91.176,91.176,91.176,100,100,94.118,94.118,94.118,97.059,97.059,97.059,100,100,100,,100,100,100,100,100,100,98.529,98.529,98.529,100,100,100,100,100,100,100,92.647
RMNH.INS.1271368_Ae_detritus - tRNA-Leu2 gene,91.176,91.176,91.176,95.652,95.652,95.652,100,100,100,100,100,100,91.176,91.176,91.176,94.118,94.118,94.118,94.118,94.118,94.118,100,100,100,97.059,97.059,97.059,100,100,100,100,100,100,100,100,100,100,100,100,98.529,100,98.529,100,100,100,100,100,100,100,100,91.176,91.176,91.176,100,100,94.118,94.118,94.118,97.059,97.059,97.059,100,100,100,100,,100,100,100,100,100,98.529,98.529,98.529,100,100,100,100,100,100,100,92.647
RMNH.INS.1271369_Ae_caspius - tRNA-Leu2 gene,91.176,91.176,91.176,95.652,95.652,95.652,100,100,100,100,100,100,91.176,91.176,91.176,94.118,94.118,94.118,94.118,94.118,94.118,100,100,100,97.059,97.059,97.059,100,100,100,100,100,100,100,100,100,100,100,100,98.529,100,98.529,100,100,100,100,100,100,100,100,91.176,91.176,91.176,100,100,94.118,94.118,94.118,97.059,97.059,97.059,100,100,100,100,100,,100,100,100,100,98.529,98.529,98.529,100,100,100,100,100,100,100,92.647
RMNH.INS.1271370_Ae_flavescens - tRNA-Leu2 gene,91.176,91.176,91.176,95.652,95.652,95.652,100,100,100,100,100,100,91.176,91.176,91.176,94.118,94.118,94.118,94.118,94.118,94.118,100,100,100,97.059,97.059,97.059,100,100,100,100,100,100,100,100,100,100,100,100,98.529,100,98.529,100,100,100,100,100,100,100,100,91.176,91.176,91.176,100,100,94.118,94.118,94.118,97.059,97.059,97.059,100,100,100,100,100,100,,100,100,100,98.529,98.529,98.529,100,100,100,100,100,100,100,92.647
RMNH.INS.1271371_Ae_flavescens - tRNA-Leu2 gene,91.176,91.176,91.176,95.652,95.652,95.652,100,100,100,100,100,100,91.176,91.176,91.176,94.118,94.118,94.118,94.118,94.118,94.118,100,100,100,97.059,97.059,97.059,100,100,100,100,100,100,100,100,100,100,100,100,98.529,100,98.529,100,100,100,100,100,100,100,100,91.176,91.176,91.176,100,100,94.118,94.118,94.118,97.059,97.059,97.059,100,100,100,100,100,100,100,,100,100,98.529,98.529,98.529,100,100,100,100,100,100,100,92.647
RMNH.INS.1271372_Ae_flavescens - tRNA-Leu2 gene,91.176,91.176,91.176,95.652,95.652,95.652,100,100,100,100,100,100,91.176,91.176,91.176,94.118,94.118,94.118,94.118,94.118,94.118,100,100,100,97.059,97.059,97.059,100,100,100,100,100,100,100,100,100,100,100,100,98.529,100,98.529,100,100,100,100,100,100,100,100,91.176,91.176,91.176,100,100,94.118,94.118,94.118,97.059,97.059,97.059,100,100,100,100,100,100,100,100,,100,98.529,98.529,98.529,100,100,100,100,100,100,100,92.647
RMNH.INS.1271375_Ae_leucomelas - tRNA-Leu2 gene,91.176,91.176,91.176,95.652,95.652,95.652,100,100,100,100,100,100,91.176,91.176,91.176,94.118,94.118,94.118,94.118,94.118,94.118,100,100,100,97.059,97.059,97.059,100,100,100,100,100,100,100,100,100,100,100,100,98.529,100,98.529,100,100,100,100,100,100,100,100,91.176,91.176,91.176,100,100,94.118,94.118,94.118,97.059,97.059,97.059,100,100,100,100,100,100,100,100,100,,98.529,98.529,98.529,100,100,100,100,100,100,100,92.647
RMNH.INS.1271376_Ae_albopictus - tRNA-Leu2 gene,89.706,89.706,89.706,94.203,94.203,94.203,98.529,98.529,98.529,98.529,98.529,98.529,89.706,89.706,89.706,92.647,92.647,92.647,92.647,92.647,92.647,98.529,98.529,98.529,95.588,95.588,95.588,98.529,98.529,98.529,98.529,98.529,98.529,98.529,98.529,98.529,98.529,98.529,98.529,97.059,98.529,97.059,98.529,98.529,98.529,98.529,98.529,98.529,98.529,98.529,89.706,89.706,89.706,98.529,98.529,92.647,92.647,92.647,95.588,95.588,95.588,98.529,98.529,98.529,98.529,98.529,98.529,98.529,98.529,98.529,98.529,,100,100,98.529,98.529,98.529,98.529,98.529,98.529,98.529,91.176
RMNH.INS.1271377_Ae_albopictus - tRNA-Leu2 gene,89.706,89.706,89.706,94.203,94.203,94.203,98.529,98.529,98.529,98.529,98.529,98.529,89.706,89.706,89.706,92.647,92.647,92.647,92.647,92.647,92.647,98.529,98.529,98.529,95.588,95.588,95.588,98.529,98.529,98.529,98.529,98.529,98.529,98.529,98.529,98.529,98.529,98.529,98.529,97.059,98.529,97.059,98.529,98.529,98.529,98.529,98.529,98.529,98.529,98.529,89.706,89.706,89.706,98.529,98.529,92.647,92.647,92.647,95.588,95.588,95.588,98.529,98.529,98.529,98.529,98.529,98.529,98.529,98.529,98.529,98.529,100,,100,98.529,98.529,98.529,98.529,98.529,98.529,98.529,91.176
RMNH.INS.1271378_Ae_albopictus - tRNA-Leu2 gene,89.706,89.706,89.706,94.203,94.203,94.203,98.529,98.529,98.529,98.529,98.529,98.529,89.706,89.706,89.706,92.647,92.647,92.647,92.647,92.647,92.647,98.529,98.529,98.529,95.588,95.588,95.588,98.529,98.529,98.529,98.529,98.529,98.529,98.529,98.529,98.529,98.529,98.529,98.529,97.059,98.529,97.059,98.529,98.529,98.529,98.529,98.529,98.529,98.529,98.529,89.706,89.706,89.706,98.529,98.529,92.647,92.647,92.647,95.588,95.588,95.588,98.529,98.529,98.529,98.529,98.529,98.529,98.529,98.529,98.529,98.529,100,100,,98.529,98.529,98.529,98.529,98.529,98.529,98.529,91.176
RMNH.INS.1271379_Ae_japonicus - tRNA-Leu2 gene,91.176,91.176,91.176,95.652,95.652,95.652,100,100,100,100,100,100,91.176,91.176,91.176,94.118,94.118,94.118,94.118,94.118,94.118,100,100,100,97.059,97.059,97.059,100,100,100,100,100,100,100,100,100,100,100,100,98.529,100,98.529,100,100,100,100,100,100,100,100,91.176,91.176,91.176,100,100,94.118,94.118,94.118,97.059,97.059,97.059,100,100,100,100,100,100,100,100,100,100,98.529,98.529,98.529,,100,100,100,100,100,100,92.647
RMNH.INS.1271380_Ae_japonicus - tRNA-Leu2 gene,91.176,91.176,91.176,95.652,95.652,95.652,100,100,100,100,100,100,91.176,91.176,91.176,94.118,94.118,94.118,94.118,94.118,94.118,100,100,100,97.059,97.059,97.059,100,100,100,100,100,100,100,100,100,100,100,100,98.529,100,98.529,100,100,100,100,100,100,100,100,91.176,91.176,91.176,100,100,94.118,94.118,94.118,97.059,97.059,97.059,100,100,100,100,100,100,100,100,100,100,98.529,98.529,98.529,100,,100,100,100,100,100,92.647
RMNH.INS.1271381_Ae_japonicus - tRNA-Leu2 gene,91.176,91.176,91.176,95.652,95.652,95.652,100,100,100,100,100,100,91.176,91.176,91.176,94.118,94.118,94.118,94.118,94.118,94.118,100,100,100,97.059,97.059,97.059,100,100,100,100,100,100,100,100,100,100,100,100,98.529,100,98.529,100,100,100,100,100,100,100,100,91.176,91.176,91.176,100,100,94.118,94.118,94.118,97.059,97.059,97.059,100,100,100,100,100,100,100,100,100,100,98.529,98.529,98.529,100,100,,100,100,100,100,92.647
RMNH.INS.1271382_Ae_aegypti - tRNA-Leu2 gene,91.176,91.176,91.176,95.652,95.652,95.652,100,100,100,100,100,100,91.176,91.176,91.176,94.118,94.118,94.118,94.118,94.118,94.118,100,100,100,97.059,97.059,97.059,100,100,100,100,100,100,100,100,100,100,100,100,98.529,100,98.529,100,100,100,100,100,100,100,100,91.176,91.176,91.176,100,100,94.118,94.118,94.118,97.059,97.059,97.059,100,100,100,100,100,100,100,100,100,100,98.529,98.529,98.529,100,100,100,,100,100,100,92.647
RMNH.INS.1271383_Ae_aegypti - tRNA-Leu2 gene,91.176,91.176,91.176,95.652,95.652,95.652,100,100,100,100,100,100,91.176,91.176,91.176,94.118,94.118,94.118,94.118,94.118,94.118,100,100,100,97.059,97.059,97.059,100,100,100,100,100,100,100,100,100,100,100,100,98.529,100,98.529,100,100,100,100,100,100,100,100,91.176,91.176,91.176,100,100,94.118,94.118,94.118,97.059,97.059,97.059,100,100,100,100,100,100,100,100,100,100,98.529,98.529,98.529,100,100,100,100,,100,100,92.647
RMNH.INS.1271384_Ae_aegypti - tRNA-Leu2 gene,91.176,91.176,91.176,95.652,95.652,95.652,100,100,100,100,100,100,91.176,91.176,91.176,94.118,94.118,94.118,94.118,94.118,94.118,100,100,100,97.059,97.059,97.059,100,100,100,100,100,100,100,100,100,100,100,100,98.529,100,98.529,100,100,100,100,100,100,100,100,91.176,91.176,91.176,100,100,94.118,94.118,94.118,97.059,97.059,97.059,100,100,100,100,100,100,100,100,100,100,98.529,98.529,98.529,100,100,100,100,100,,100,92.647
RMNH.INS.1271386_Ae_cinereus - tRNA-Leu2 gene,91.176,91.176,91.176,95.652,95.652,95.652,100,100,100,100,100,100,91.176,91.176,91.176,94.118,94.118,94.118,94.118,94.118,94.118,100,100,100,97.059,97.059,97.059,100,100,100,100,100,100,100,100,100,100,100,100,98.529,100,98.529,100,100,100,100,100,100,100,100,91.176,91.176,91.176,100,100,94.118,94.118,94.118,97.059,97.059,97.059,100,100,100,100,100,100,100,100,100,100,98.529,98.529,98.529,100,100,100,100,100,100,,92.647
RMNH.INS.1271389_Cs_ochroptera - tRNA-Leu2 gene,91.176,91.176,91.176,88.406,88.406,88.406,92.647,92.647,92.647,92.647,92.647,92.647,91.176,91.176,91.176,92.647,92.647,92.647,92.647,92.647,92.647,92.647,92.647,92.647,92.647,92.647,92.647,92.647,92.647,92.647,92.647,92.647,92.647,92.647,92.647,92.647,92.647,92.647,92.647,92.647,92.647,92.647,92.647,92.647,92.647,92.647,92.647,92.647,92.647,92.647,91.176,91.176,91.176,92.647,92.647,92.647,92.647,92.647,94.118,94.118,94.118,92.647,92.647,92.647,92.647,92.647,92.647,92.647,92.647,92.647,92.647,91.176,91.176,91.176,92.647,92.647,92.647,92.647,92.647,92.647,92.647,
