,RMNH.INS.1271298_An_messeae - tRNA-Pro gene,RMNH.INS.1271299_An_messeae - tRNA-Pro gene,RMNH.INS.1271300_An_messeae - tRNA-Pro gene,RMNH.INS.1271301_Cq_richiardii - tRNA-Pro gene,RMNH.INS.1271302_Cq_richiardii - tRNA-Pro gene,RMNH.INS.1271303_Cq_richiardii - tRNA-Pro gene,RMNH.INS.1271304_Ae_vexans - tRNA-Pro gene,RMNH.INS.1271305_Ae_vexans - tRNA-Pro gene,RMNH.INS.1271306_Ae_vexans - tRNA-Pro gene,RMNH.INS.1271307_Cs_annulata - tRNA-Pro gene,RMNH.INS.1271308_Cs_annulata - tRNA-Pro gene,RMNH.INS.1271309_Cs_annulata - tRNA-Pro gene,RMNH.INS.1271310_An_claviger - tRNA-Pro gene,RMNH.INS.1271311_An_claviger - tRNA-Pro gene,RMNH.INS.1271312_An_claviger - tRNA-Pro gene,RMNH.INS.1271313_Cx_modestus - tRNA-Pro gene,RMNH.INS.1271314_Cx_modestus - tRNA-Pro gene,RMNH.INS.1271315_Cx_modestus - tRNA-Pro gene,RMNH.INS.1271316_Cx_territans - tRNA-Pro gene,RMNH.INS.1271317_Cx_territans - tRNA-Pro gene,RMNH.INS.1271318_Cx_territans - tRNA-Pro gene,RMNH.INS.1271319_Ae_cinereus - tRNA-Pro gene,RMNH.INS.1271320_Ae_cinereus - tRNA-Pro gene,RMNH.INS.1271321_Ae_cinereus - tRNA-Pro gene,RMNH.INS.1271322_Cs_longiareolata - tRNA-Pro gene,RMNH.INS.1271323_Cs_longiareolata - tRNA-Pro gene,RMNH.INS.1271324_Cs_longiareolata - tRNA-Pro gene,RMNH.INS.1271325_Ae_annulipes_cantans - tRNA-Pro gene,RMNH.INS.1271326_Ae_annulipes_cantans - tRNA-Pro gene,RMNH.INS.1271327_Ae_annulipes_cantans - tRNA-Pro gene,RMNH.INS.1271328_Ae_annulipes_cantans - tRNA-Pro gene,RMNH.INS.1271329_Ae_annulipes_cantans - tRNA-Pro gene,RMNH.INS.1271330_Ae_annulipes_cantans - tRNA-Pro gene,RMNH.INS.1271331_Ae_rusticus - tRNA-Pro gene,RMNH.INS.1271332_Ae_rusticus - tRNA-Pro gene,RMNH.INS.1271333_Ae_rusticus - tRNA-Pro gene,RMNH.INS.1271334_Ae_communis - tRNA-Pro gene,RMNH.INS.1271335_Ae_communis - tRNA-Pro gene,RMNH.INS.1271336_Ae_communis - tRNA-Pro gene,RMNH.INS.1271337_Ae_punctor - tRNA-Pro gene,RMNH.INS.1271338_Ae_rusticus - tRNA-Pro gene,RMNH.INS.1271339_Ae_punctor - tRNA-Pro gene,RMNH.INS.1271340_Ae_geniculatus - tRNA-Pro gene,RMNH.INS.1271341_Ae_geniculatus - tRNA-Pro gene,RMNH.INS.1271342_Ae_geniculatus - tRNA-Pro gene,RMNH.INS.1271344_Cs_subochrea - tRNA-Pro gene,RMNH.INS.1271345_Cs_annulata - tRNA-Pro gene,RMNH.INS.1271346_Ae_caspius - tRNA-Pro gene,RMNH.INS.1271347_Ae_caspius - tRNA-Pro gene,RMNH.INS.1271348_Ae_caspius - tRNA-Pro gene,RMNH.INS.1271349_An_plumbeus_partial_genome - tRNA-Pro gene,RMNH.INS.1271350_An_plumbeus_partial_genome - tRNA-Pro gene,RMNH.INS.1271351_An_plumbeus_partial_genome - tRNA-Pro gene,RMNH.INS.1271352_Cs_annulata - tRNA-Pro gene,RMNH.INS.1271354_Cs_annulata - tRNA-Pro gene,RMNH.INS.1271355_Cx_pipiens - tRNA-Pro gene,RMNH.INS.1271356_Cx_pipiens - tRNA-Pro gene,RMNH.INS.1271357_Cx_pipiens - tRNA-Pro gene,RMNH.INS.1271358_Cs_morsitans - tRNA-Pro gene,RMNH.INS.1271359_Cs_morsitans - tRNA-Pro gene,RMNH.INS.1271360_Cs_morsitans - tRNA-Pro gene,RMNH.INS.1271361_Ae_sticticus - tRNA-Pro gene,RMNH.INS.1271362_Ae_sticticus - tRNA-Pro gene,RMNH.INS.1271363_Ae_sticticus - tRNA-Pro gene,RMNH.INS.1271367_Ae_detritus - tRNA-Pro gene,RMNH.INS.1271368_Ae_detritus - tRNA-Pro gene,RMNH.INS.1271369_Ae_caspius - tRNA-Pro gene,RMNH.INS.1271370_Ae_flavescens - tRNA-Pro gene,RMNH.INS.1271371_Ae_flavescens - tRNA-Pro gene,RMNH.INS.1271372_Ae_flavescens - tRNA-Pro gene,RMNH.INS.1271375_Ae_leucomelas - tRNA-Pro gene,RMNH.INS.1271376_Ae_albopictus - tRNA-Pro gene,RMNH.INS.1271377_Ae_albopictus - tRNA-Pro gene,RMNH.INS.1271378_Ae_albopictus - tRNA-Pro gene,RMNH.INS.1271379_Ae_japonicus - tRNA-Pro gene,RMNH.INS.1271380_Ae_japonicus - tRNA-Pro gene,RMNH.INS.1271381_Ae_japonicus - tRNA-Pro gene,RMNH.INS.1271382_Ae_aegypti - tRNA-Pro gene,RMNH.INS.1271383_Ae_aegypti - tRNA-Pro gene,RMNH.INS.1271384_Ae_aegypti - tRNA-Pro gene,RMNH.INS.1271386_Ae_cinereus - tRNA-Pro gene,RMNH.INS.1271389_Cs_ochroptera - tRNA-Pro gene
RMNH.INS.1271298_An_messeae - tRNA-Pro gene,,100,100,90.909,90.909,90.909,92.537,92.537,92.537,91.045,91.045,91.045,92.424,92.424,92.424,93.939,96.97,95.455,95.455,95.455,95.455,92.537,92.537,92.537,95.522,95.522,95.522,92.537,92.537,92.537,92.537,92.537,92.537,92.537,92.537,92.537,92.537,92.537,92.537,92.537,92.537,92.537,92.537,92.537,92.537,92.537,91.045,92.537,92.537,92.537,90.909,90.909,90.909,91.045,91.045,93.939,93.939,93.939,91.045,91.045,91.045,92.537,92.537,92.537,92.537,92.537,92.537,92.537,92.537,92.537,92.537,91.045,91.045,91.045,91.045,91.045,91.045,92.537,92.537,92.537,92.537,98.485
RMNH.INS.1271299_An_messeae - tRNA-Pro gene,100,,100,90.909,90.909,90.909,92.537,92.537,92.537,91.045,91.045,91.045,92.424,92.424,92.424,93.939,96.97,95.455,95.455,95.455,95.455,92.537,92.537,92.537,95.522,95.522,95.522,92.537,92.537,92.537,92.537,92.537,92.537,92.537,92.537,92.537,92.537,92.537,92.537,92.537,92.537,92.537,92.537,92.537,92.537,92.537,91.045,92.537,92.537,92.537,90.909,90.909,90.909,91.045,91.045,93.939,93.939,93.939,91.045,91.045,91.045,92.537,92.537,92.537,92.537,92.537,92.537,92.537,92.537,92.537,92.537,91.045,91.045,91.045,91.045,91.045,91.045,92.537,92.537,92.537,92.537,98.485
RMNH.INS.1271300_An_messeae - tRNA-Pro gene,100,100,,90.909,90.909,90.909,92.537,92.537,92.537,91.045,91.045,91.045,92.424,92.424,92.424,93.939,96.97,95.455,95.455,95.455,95.455,92.537,92.537,92.537,95.522,95.522,95.522,92.537,92.537,92.537,92.537,92.537,92.537,92.537,92.537,92.537,92.537,92.537,92.537,92.537,92.537,92.537,92.537,92.537,92.537,92.537,91.045,92.537,92.537,92.537,90.909,90.909,90.909,91.045,91.045,93.939,93.939,93.939,91.045,91.045,91.045,92.537,92.537,92.537,92.537,92.537,92.537,92.537,92.537,92.537,92.537,91.045,91.045,91.045,91.045,91.045,91.045,92.537,92.537,92.537,92.537,98.485
RMNH.INS.1271301_Cq_richiardii - tRNA-Pro gene,90.909,90.909,90.909,,100,100,83.582,83.582,83.582,83.582,83.582,83.582,89.394,89.394,89.394,93.939,93.939,92.424,89.394,89.394,89.394,83.582,83.582,83.582,86.567,86.567,86.567,83.582,83.582,83.582,83.582,83.582,83.582,83.582,83.582,83.582,83.582,83.582,83.582,83.582,83.582,83.582,83.582,83.582,83.582,86.567,83.582,83.582,83.582,83.582,90.909,90.909,90.909,83.582,83.582,93.939,93.939,93.939,85.075,85.075,85.075,83.582,83.582,83.582,83.582,83.582,83.582,83.582,83.582,83.582,83.582,85.075,85.075,85.075,85.075,85.075,85.075,83.582,83.582,83.582,83.582,89.394
RMNH.INS.1271302_Cq_richiardii - tRNA-Pro gene,90.909,90.909,90.909,100,,100,83.582,83.582,83.582,83.582,83.582,83.582,89.394,89.394,89.394,93.939,93.939,92.424,89.394,89.394,89.394,83.582,83.582,83.582,86.567,86.567,86.567,83.582,83.582,83.582,83.582,83.582,83.582,83.582,83.582,83.582,83.582,83.582,83.582,83.582,83.582,83.582,83.582,83.582,83.582,86.567,83.582,83.582,83.582,83.582,90.909,90.909,90.909,83.582,83.582,93.939,93.939,93.939,85.075,85.075,85.075,83.582,83.582,83.582,83.582,83.582,83.582,83.582,83.582,83.582,83.582,85.075,85.075,85.075,85.075,85.075,85.075,83.582,83.582,83.582,83.582,89.394
RMNH.INS.1271303_Cq_richiardii - tRNA-Pro gene,90.909,90.909,90.909,100,100,,83.582,83.582,83.582,83.582,83.582,83.582,89.394,89.394,89.394,93.939,93.939,92.424,89.394,89.394,89.394,83.582,83.582,83.582,86.567,86.567,86.567,83.582,83.582,83.582,83.582,83.582,83.582,83.582,83.582,83.582,83.582,83.582,83.582,83.582,83.582,83.582,83.582,83.582,83.582,86.567,83.582,83.582,83.582,83.582,90.909,90.909,90.909,83.582,83.582,93.939,93.939,93.939,85.075,85.075,85.075,83.582,83.582,83.582,83.582,83.582,83.582,83.582,83.582,83.582,83.582,85.075,85.075,85.075,85.075,85.075,85.075,83.582,83.582,83.582,83.582,89.394
RMNH.INS.1271304_Ae_vexans - tRNA-Pro gene,92.537,92.537,92.537,83.582,83.582,83.582,,100,100,98.507,98.507,98.507,91.045,91.045,91.045,88.06,89.552,89.552,94.03,94.03,94.03,100,100,100,97.015,97.015,97.015,100,100,100,100,100,100,100,100,100,100,100,100,100,100,100,100,100,100,97.015,98.507,100,100,100,89.552,89.552,89.552,98.507,98.507,88.06,88.06,88.06,95.522,95.522,95.522,100,100,100,100,100,100,100,100,100,100,98.507,98.507,98.507,95.522,95.522,95.522,100,100,100,100,94.03
RMNH.INS.1271305_Ae_vexans - tRNA-Pro gene,92.537,92.537,92.537,83.582,83.582,83.582,100,,100,98.507,98.507,98.507,91.045,91.045,91.045,88.06,89.552,89.552,94.03,94.03,94.03,100,100,100,97.015,97.015,97.015,100,100,100,100,100,100,100,100,100,100,100,100,100,100,100,100,100,100,97.015,98.507,100,100,100,89.552,89.552,89.552,98.507,98.507,88.06,88.06,88.06,95.522,95.522,95.522,100,100,100,100,100,100,100,100,100,100,98.507,98.507,98.507,95.522,95.522,95.522,100,100,100,100,94.03
RMNH.INS.1271306_Ae_vexans - tRNA-Pro gene,92.537,92.537,92.537,83.582,83.582,83.582,100,100,,98.507,98.507,98.507,91.045,91.045,91.045,88.06,89.552,89.552,94.03,94.03,94.03,100,100,100,97.015,97.015,97.015,100,100,100,100,100,100,100,100,100,100,100,100,100,100,100,100,100,100,97.015,98.507,100,100,100,89.552,89.552,89.552,98.507,98.507,88.06,88.06,88.06,95.522,95.522,95.522,100,100,100,100,100,100,100,100,100,100,98.507,98.507,98.507,95.522,95.522,95.522,100,100,100,100,94.03
RMNH.INS.1271307_Cs_annulata - tRNA-Pro gene,91.045,91.045,91.045,83.582,83.582,83.582,98.507,98.507,98.507,,100,100,89.552,89.552,89.552,86.567,88.06,88.06,92.537,92.537,92.537,98.507,98.507,98.507,95.522,95.522,95.522,98.507,98.507,98.507,98.507,98.507,98.507,98.507,98.507,98.507,98.507,98.507,98.507,98.507,98.507,98.507,98.507,98.507,98.507,97.015,100,98.507,98.507,98.507,88.06,88.06,88.06,100,100,86.567,86.567,86.567,94.03,94.03,94.03,98.507,98.507,98.507,98.507,98.507,98.507,98.507,98.507,98.507,98.507,98.507,98.507,98.507,94.03,94.03,94.03,98.507,98.507,98.507,98.507,92.537
RMNH.INS.1271308_Cs_annulata - tRNA-Pro gene,91.045,91.045,91.045,83.582,83.582,83.582,98.507,98.507,98.507,100,,100,89.552,89.552,89.552,86.567,88.06,88.06,92.537,92.537,92.537,98.507,98.507,98.507,95.522,95.522,95.522,98.507,98.507,98.507,98.507,98.507,98.507,98.507,98.507,98.507,98.507,98.507,98.507,98.507,98.507,98.507,98.507,98.507,98.507,97.015,100,98.507,98.507,98.507,88.06,88.06,88.06,100,100,86.567,86.567,86.567,94.03,94.03,94.03,98.507,98.507,98.507,98.507,98.507,98.507,98.507,98.507,98.507,98.507,98.507,98.507,98.507,94.03,94.03,94.03,98.507,98.507,98.507,98.507,92.537
RMNH.INS.1271309_Cs_annulata - tRNA-Pro gene,91.045,91.045,91.045,83.582,83.582,83.582,98.507,98.507,98.507,100,100,,89.552,89.552,89.552,86.567,88.06,88.06,92.537,92.537,92.537,98.507,98.507,98.507,95.522,95.522,95.522,98.507,98.507,98.507,98.507,98.507,98.507,98.507,98.507,98.507,98.507,98.507,98.507,98.507,98.507,98.507,98.507,98.507,98.507,97.015,100,98.507,98.507,98.507,88.06,88.06,88.06,100,100,86.567,86.567,86.567,94.03,94.03,94.03,98.507,98.507,98.507,98.507,98.507,98.507,98.507,98.507,98.507,98.507,98.507,98.507,98.507,94.03,94.03,94.03,98.507,98.507,98.507,98.507,92.537
RMNH.INS.1271310_An_claviger - tRNA-Pro gene,92.424,92.424,92.424,89.394,89.394,89.394,91.045,91.045,91.045,89.552,89.552,89.552,,100,100,93.939,92.424,92.424,96.97,96.97,96.97,91.045,91.045,91.045,94.03,94.03,94.03,91.045,91.045,91.045,91.045,91.045,91.045,91.045,91.045,91.045,91.045,91.045,91.045,91.045,91.045,91.045,91.045,91.045,91.045,88.06,89.552,91.045,91.045,91.045,89.394,89.394,89.394,89.552,89.552,93.939,93.939,93.939,92.537,92.537,92.537,91.045,91.045,91.045,91.045,91.045,91.045,91.045,91.045,91.045,91.045,89.552,89.552,89.552,92.537,92.537,92.537,91.045,91.045,91.045,91.045,93.939
RMNH.INS.1271311_An_claviger - tRNA-Pro gene,92.424,92.424,92.424,89.394,89.394,89.394,91.045,91.045,91.045,89.552,89.552,89.552,100,,100,93.939,92.424,92.424,96.97,96.97,96.97,91.045,91.045,91.045,94.03,94.03,94.03,91.045,91.045,91.045,91.045,91.045,91.045,91.045,91.045,91.045,91.045,91.045,91.045,91.045,91.045,91.045,91.045,91.045,91.045,88.06,89.552,91.045,91.045,91.045,89.394,89.394,89.394,89.552,89.552,93.939,93.939,93.939,92.537,92.537,92.537,91.045,91.045,91.045,91.045,91.045,91.045,91.045,91.045,91.045,91.045,89.552,89.552,89.552,92.537,92.537,92.537,91.045,91.045,91.045,91.045,93.939
RMNH.INS.1271312_An_claviger - tRNA-Pro gene,92.424,92.424,92.424,89.394,89.394,89.394,91.045,91.045,91.045,89.552,89.552,89.552,100,100,,93.939,92.424,92.424,96.97,96.97,96.97,91.045,91.045,91.045,94.03,94.03,94.03,91.045,91.045,91.045,91.045,91.045,91.045,91.045,91.045,91.045,91.045,91.045,91.045,91.045,91.045,91.045,91.045,91.045,91.045,88.06,89.552,91.045,91.045,91.045,89.394,89.394,89.394,89.552,89.552,93.939,93.939,93.939,92.537,92.537,92.537,91.045,91.045,91.045,91.045,91.045,91.045,91.045,91.045,91.045,91.045,89.552,89.552,89.552,92.537,92.537,92.537,91.045,91.045,91.045,91.045,93.939
RMNH.INS.1271313_Cx_modestus - tRNA-Pro gene,93.939,93.939,93.939,93.939,93.939,93.939,88.06,88.06,88.06,86.567,86.567,86.567,93.939,93.939,93.939,,96.97,98.485,93.939,93.939,93.939,88.06,88.06,88.06,91.045,91.045,91.045,88.06,88.06,88.06,88.06,88.06,88.06,88.06,88.06,88.06,88.06,88.06,88.06,88.06,88.06,88.06,88.06,88.06,88.06,88.06,86.567,88.06,88.06,88.06,89.394,89.394,89.394,86.567,86.567,100,100,100,89.552,89.552,89.552,88.06,88.06,88.06,88.06,88.06,88.06,88.06,88.06,88.06,88.06,86.567,86.567,86.567,89.552,89.552,89.552,88.06,88.06,88.06,88.06,92.424
RMNH.INS.1271314_Cx_modestus - tRNA-Pro gene,96.97,96.97,96.97,93.939,93.939,93.939,89.552,89.552,89.552,88.06,88.06,88.06,92.424,92.424,92.424,96.97,,98.485,95.455,95.455,95.455,89.552,89.552,89.552,92.537,92.537,92.537,89.552,89.552,89.552,89.552,89.552,89.552,89.552,89.552,89.552,89.552,89.552,89.552,89.552,89.552,89.552,89.552,89.552,89.552,89.552,88.06,89.552,89.552,89.552,90.909,90.909,90.909,88.06,88.06,96.97,96.97,96.97,91.045,91.045,91.045,89.552,89.552,89.552,89.552,89.552,89.552,89.552,89.552,89.552,89.552,88.06,88.06,88.06,91.045,91.045,91.045,89.552,89.552,89.552,89.552,95.455
RMNH.INS.1271315_Cx_modestus - tRNA-Pro gene,95.455,95.455,95.455,92.424,92.424,92.424,89.552,89.552,89.552,88.06,88.06,88.06,92.424,92.424,92.424,98.485,98.485,,95.455,95.455,95.455,89.552,89.552,89.552,92.537,92.537,92.537,89.552,89.552,89.552,89.552,89.552,89.552,89.552,89.552,89.552,89.552,89.552,89.552,89.552,89.552,89.552,89.552,89.552,89.552,89.552,88.06,89.552,89.552,89.552,90.909,90.909,90.909,88.06,88.06,98.485,98.485,98.485,91.045,91.045,91.045,89.552,89.552,89.552,89.552,89.552,89.552,89.552,89.552,89.552,89.552,88.06,88.06,88.06,91.045,91.045,91.045,89.552,89.552,89.552,89.552,93.939
RMNH.INS.1271316_Cx_territans - tRNA-Pro gene,95.455,95.455,95.455,89.394,89.394,89.394,94.03,94.03,94.03,92.537,92.537,92.537,96.97,96.97,96.97,93.939,95.455,95.455,,100,100,94.03,94.03,94.03,97.015,97.015,97.015,94.03,94.03,94.03,94.03,94.03,94.03,94.03,94.03,94.03,94.03,94.03,94.03,94.03,94.03,94.03,94.03,94.03,94.03,91.045,92.537,94.03,94.03,94.03,92.424,92.424,92.424,92.537,92.537,93.939,93.939,93.939,95.522,95.522,95.522,94.03,94.03,94.03,94.03,94.03,94.03,94.03,94.03,94.03,94.03,92.537,92.537,92.537,95.522,95.522,95.522,94.03,94.03,94.03,94.03,96.97
RMNH.INS.1271317_Cx_territans - tRNA-Pro gene,95.455,95.455,95.455,89.394,89.394,89.394,94.03,94.03,94.03,92.537,92.537,92.537,96.97,96.97,96.97,93.939,95.455,95.455,100,,100,94.03,94.03,94.03,97.015,97.015,97.015,94.03,94.03,94.03,94.03,94.03,94.03,94.03,94.03,94.03,94.03,94.03,94.03,94.03,94.03,94.03,94.03,94.03,94.03,91.045,92.537,94.03,94.03,94.03,92.424,92.424,92.424,92.537,92.537,93.939,93.939,93.939,95.522,95.522,95.522,94.03,94.03,94.03,94.03,94.03,94.03,94.03,94.03,94.03,94.03,92.537,92.537,92.537,95.522,95.522,95.522,94.03,94.03,94.03,94.03,96.97
RMNH.INS.1271318_Cx_territans - tRNA-Pro gene,95.455,95.455,95.455,89.394,89.394,89.394,94.03,94.03,94.03,92.537,92.537,92.537,96.97,96.97,96.97,93.939,95.455,95.455,100,100,,94.03,94.03,94.03,97.015,97.015,97.015,94.03,94.03,94.03,94.03,94.03,94.03,94.03,94.03,94.03,94.03,94.03,94.03,94.03,94.03,94.03,94.03,94.03,94.03,91.045,92.537,94.03,94.03,94.03,92.424,92.424,92.424,92.537,92.537,93.939,93.939,93.939,95.522,95.522,95.522,94.03,94.03,94.03,94.03,94.03,94.03,94.03,94.03,94.03,94.03,92.537,92.537,92.537,95.522,95.522,95.522,94.03,94.03,94.03,94.03,96.97
RMNH.INS.1271319_Ae_cinereus - tRNA-Pro gene,92.537,92.537,92.537,83.582,83.582,83.582,100,100,100,98.507,98.507,98.507,91.045,91.045,91.045,88.06,89.552,89.552,94.03,94.03,94.03,,100,100,97.015,97.015,97.015,100,100,100,100,100,100,100,100,100,100,100,100,100,100,100,100,100,100,97.015,98.507,100,100,100,89.552,89.552,89.552,98.507,98.507,88.06,88.06,88.06,95.522,95.522,95.522,100,100,100,100,100,100,100,100,100,100,98.507,98.507,98.507,95.522,95.522,95.522,100,100,100,100,94.03
RMNH.INS.1271320_Ae_cinereus - tRNA-Pro gene,92.537,92.537,92.537,83.582,83.582,83.582,100,100,100,98.507,98.507,98.507,91.045,91.045,91.045,88.06,89.552,89.552,94.03,94.03,94.03,100,,100,97.015,97.015,97.015,100,100,100,100,100,100,100,100,100,100,100,100,100,100,100,100,100,100,97.015,98.507,100,100,100,89.552,89.552,89.552,98.507,98.507,88.06,88.06,88.06,95.522,95.522,95.522,100,100,100,100,100,100,100,100,100,100,98.507,98.507,98.507,95.522,95.522,95.522,100,100,100,100,94.03
RMNH.INS.1271321_Ae_cinereus - tRNA-Pro gene,92.537,92.537,92.537,83.582,83.582,83.582,100,100,100,98.507,98.507,98.507,91.045,91.045,91.045,88.06,89.552,89.552,94.03,94.03,94.03,100,100,,97.015,97.015,97.015,100,100,100,100,100,100,100,100,100,100,100,100,100,100,100,100,100,100,97.015,98.507,100,100,100,89.552,89.552,89.552,98.507,98.507,88.06,88.06,88.06,95.522,95.522,95.522,100,100,100,100,100,100,100,100,100,100,98.507,98.507,98.507,95.522,95.522,95.522,100,100,100,100,94.03
RMNH.INS.1271322_Cs_longiareolata - tRNA-Pro gene,95.522,95.522,95.522,86.567,86.567,86.567,97.015,97.015,97.015,95.522,95.522,95.522,94.03,94.03,94.03,91.045,92.537,92.537,97.015,97.015,97.015,97.015,97.015,97.015,,100,100,97.015,97.015,97.015,97.015,97.015,97.015,97.015,97.015,97.015,97.015,97.015,97.015,97.015,97.015,97.015,97.015,97.015,97.015,94.03,95.522,97.015,97.015,97.015,92.537,92.537,92.537,95.522,95.522,91.045,91.045,91.045,95.522,95.522,95.522,97.015,97.015,97.015,97.015,97.015,97.015,97.015,97.015,97.015,97.015,95.522,95.522,95.522,95.522,95.522,95.522,97.015,97.015,97.015,97.015,97.015
RMNH.INS.1271323_Cs_longiareolata - tRNA-Pro gene,95.522,95.522,95.522,86.567,86.567,86.567,97.015,97.015,97.015,95.522,95.522,95.522,94.03,94.03,94.03,91.045,92.537,92.537,97.015,97.015,97.015,97.015,97.015,97.015,100,,100,97.015,97.015,97.015,97.015,97.015,97.015,97.015,97.015,97.015,97.015,97.015,97.015,97.015,97.015,97.015,97.015,97.015,97.015,94.03,95.522,97.015,97.015,97.015,92.537,92.537,92.537,95.522,95.522,91.045,91.045,91.045,95.522,95.522,95.522,97.015,97.015,97.015,97.015,97.015,97.015,97.015,97.015,97.015,97.015,95.522,95.522,95.522,95.522,95.522,95.522,97.015,97.015,97.015,97.015,97.015
RMNH.INS.1271324_Cs_longiareolata - tRNA-Pro gene,95.522,95.522,95.522,86.567,86.567,86.567,97.015,97.015,97.015,95.522,95.522,95.522,94.03,94.03,94.03,91.045,92.537,92.537,97.015,97.015,97.015,97.015,97.015,97.015,100,100,,97.015,97.015,97.015,97.015,97.015,97.015,97.015,97.015,97.015,97.015,97.015,97.015,97.015,97.015,97.015,97.015,97.015,97.015,94.03,95.522,97.015,97.015,97.015,92.537,92.537,92.537,95.522,95.522,91.045,91.045,91.045,95.522,95.522,95.522,97.015,97.015,97.015,97.015,97.015,97.015,97.015,97.015,97.015,97.015,95.522,95.522,95.522,95.522,95.522,95.522,97.015,97.015,97.015,97.015,97.015
RMNH.INS.1271325_Ae_annulipes_cantans - tRNA-Pro gene,92.537,92.537,92.537,83.582,83.582,83.582,100,100,100,98.507,98.507,98.507,91.045,91.045,91.045,88.06,89.552,89.552,94.03,94.03,94.03,100,100,100,97.015,97.015,97.015,,100,100,100,100,100,100,100,100,100,100,100,100,100,100,100,100,100,97.015,98.507,100,100,100,89.552,89.552,89.552,98.507,98.507,88.06,88.06,88.06,95.522,95.522,95.522,100,100,100,100,100,100,100,100,100,100,98.507,98.507,98.507,95.522,95.522,95.522,100,100,100,100,94.03
RMNH.INS.1271326_Ae_annulipes_cantans - tRNA-Pro gene,92.537,92.537,92.537,83.582,83.582,83.582,100,100,100,98.507,98.507,98.507,91.045,91.045,91.045,88.06,89.552,89.552,94.03,94.03,94.03,100,100,100,97.015,97.015,97.015,100,,100,100,100,100,100,100,100,100,100,100,100,100,100,100,100,100,97.015,98.507,100,100,100,89.552,89.552,89.552,98.507,98.507,88.06,88.06,88.06,95.522,95.522,95.522,100,100,100,100,100,100,100,100,100,100,98.507,98.507,98.507,95.522,95.522,95.522,100,100,100,100,94.03
RMNH.INS.1271327_Ae_annulipes_cantans - tRNA-Pro gene,92.537,92.537,92.537,83.582,83.582,83.582,100,100,100,98.507,98.507,98.507,91.045,91.045,91.045,88.06,89.552,89.552,94.03,94.03,94.03,100,100,100,97.015,97.015,97.015,100,100,,100,100,100,100,100,100,100,100,100,100,100,100,100,100,100,97.015,98.507,100,100,100,89.552,89.552,89.552,98.507,98.507,88.06,88.06,88.06,95.522,95.522,95.522,100,100,100,100,100,100,100,100,100,100,98.507,98.507,98.507,95.522,95.522,95.522,100,100,100,100,94.03
RMNH.INS.1271328_Ae_annulipes_cantans - tRNA-Pro gene,92.537,92.537,92.537,83.582,83.582,83.582,100,100,100,98.507,98.507,98.507,91.045,91.045,91.045,88.06,89.552,89.552,94.03,94.03,94.03,100,100,100,97.015,97.015,97.015,100,100,100,,100,100,100,100,100,100,100,100,100,100,100,100,100,100,97.015,98.507,100,100,100,89.552,89.552,89.552,98.507,98.507,88.06,88.06,88.06,95.522,95.522,95.522,100,100,100,100,100,100,100,100,100,100,98.507,98.507,98.507,95.522,95.522,95.522,100,100,100,100,94.03
RMNH.INS.1271329_Ae_annulipes_cantans - tRNA-Pro gene,92.537,92.537,92.537,83.582,83.582,83.582,100,100,100,98.507,98.507,98.507,91.045,91.045,91.045,88.06,89.552,89.552,94.03,94.03,94.03,100,100,100,97.015,97.015,97.015,100,100,100,100,,100,100,100,100,100,100,100,100,100,100,100,100,100,97.015,98.507,100,100,100,89.552,89.552,89.552,98.507,98.507,88.06,88.06,88.06,95.522,95.522,95.522,100,100,100,100,100,100,100,100,100,100,98.507,98.507,98.507,95.522,95.522,95.522,100,100,100,100,94.03
RMNH.INS.1271330_Ae_annulipes_cantans - tRNA-Pro gene,92.537,92.537,92.537,83.582,83.582,83.582,100,100,100,98.507,98.507,98.507,91.045,91.045,91.045,88.06,89.552,89.552,94.03,94.03,94.03,100,100,100,97.015,97.015,97.015,100,100,100,100,100,,100,100,100,100,100,100,100,100,100,100,100,100,97.015,98.507,100,100,100,89.552,89.552,89.552,98.507,98.507,88.06,88.06,88.06,95.522,95.522,95.522,100,100,100,100,100,100,100,100,100,100,98.507,98.507,98.507,95.522,95.522,95.522,100,100,100,100,94.03
RMNH.INS.1271331_Ae_rusticus - tRNA-Pro gene,92.537,92.537,92.537,83.582,83.582,83.582,100,100,100,98.507,98.507,98.507,91.045,91.045,91.045,88.06,89.552,89.552,94.03,94.03,94.03,100,100,100,97.015,97.015,97.015,100,100,100,100,100,100,,100,100,100,100,100,100,100,100,100,100,100,97.015,98.507,100,100,100,89.552,89.552,89.552,98.507,98.507,88.06,88.06,88.06,95.522,95.522,95.522,100,100,100,100,100,100,100,100,100,100,98.507,98.507,98.507,95.522,95.522,95.522,100,100,100,100,94.03
RMNH.INS.1271332_Ae_rusticus - tRNA-Pro gene,92.537,92.537,92.537,83.582,83.582,83.582,100,100,100,98.507,98.507,98.507,91.045,91.045,91.045,88.06,89.552,89.552,94.03,94.03,94.03,100,100,100,97.015,97.015,97.015,100,100,100,100,100,100,100,,100,100,100,100,100,100,100,100,100,100,97.015,98.507,100,100,100,89.552,89.552,89.552,98.507,98.507,88.06,88.06,88.06,95.522,95.522,95.522,100,100,100,100,100,100,100,100,100,100,98.507,98.507,98.507,95.522,95.522,95.522,100,100,100,100,94.03
RMNH.INS.1271333_Ae_rusticus - tRNA-Pro gene,92.537,92.537,92.537,83.582,83.582,83.582,100,100,100,98.507,98.507,98.507,91.045,91.045,91.045,88.06,89.552,89.552,94.03,94.03,94.03,100,100,100,97.015,97.015,97.015,100,100,100,100,100,100,100,100,,100,100,100,100,100,100,100,100,100,97.015,98.507,100,100,100,89.552,89.552,89.552,98.507,98.507,88.06,88.06,88.06,95.522,95.522,95.522,100,100,100,100,100,100,100,100,100,100,98.507,98.507,98.507,95.522,95.522,95.522,100,100,100,100,94.03
RMNH.INS.1271334_Ae_communis - tRNA-Pro gene,92.537,92.537,92.537,83.582,83.582,83.582,100,100,100,98.507,98.507,98.507,91.045,91.045,91.045,88.06,89.552,89.552,94.03,94.03,94.03,100,100,100,97.015,97.015,97.015,100,100,100,100,100,100,100,100,100,,100,100,100,100,100,100,100,100,97.015,98.507,100,100,100,89.552,89.552,89.552,98.507,98.507,88.06,88.06,88.06,95.522,95.522,95.522,100,100,100,100,100,100,100,100,100,100,98.507,98.507,98.507,95.522,95.522,95.522,100,100,100,100,94.03
RMNH.INS.1271335_Ae_communis - tRNA-Pro gene,92.537,92.537,92.537,83.582,83.582,83.582,100,100,100,98.507,98.507,98.507,91.045,91.045,91.045,88.06,89.552,89.552,94.03,94.03,94.03,100,100,100,97.015,97.015,97.015,100,100,100,100,100,100,100,100,100,100,,100,100,100,100,100,100,100,97.015,98.507,100,100,100,89.552,89.552,89.552,98.507,98.507,88.06,88.06,88.06,95.522,95.522,95.522,100,100,100,100,100,100,100,100,100,100,98.507,98.507,98.507,95.522,95.522,95.522,100,100,100,100,94.03
RMNH.INS.1271336_Ae_communis - tRNA-Pro gene,92.537,92.537,92.537,83.582,83.582,83.582,100,100,100,98.507,98.507,98.507,91.045,91.045,91.045,88.06,89.552,89.552,94.03,94.03,94.03,100,100,100,97.015,97.015,97.015,100,100,100,100,100,100,100,100,100,100,100,,100,100,100,100,100,100,97.015,98.507,100,100,100,89.552,89.552,89.552,98.507,98.507,88.06,88.06,88.06,95.522,95.522,95.522,100,100,100,100,100,100,100,100,100,100,98.507,98.507,98.507,95.522,95.522,95.522,100,100,100,100,94.03
RMNH.INS.1271337_Ae_punctor - tRNA-Pro gene,92.537,92.537,92.537,83.582,83.582,83.582,100,100,100,98.507,98.507,98.507,91.045,91.045,91.045,88.06,89.552,89.552,94.03,94.03,94.03,100,100,100,97.015,97.015,97.015,100,100,100,100,100,100,100,100,100,100,100,100,,100,100,100,100,100,97.015,98.507,100,100,100,89.552,89.552,89.552,98.507,98.507,88.06,88.06,88.06,95.522,95.522,95.522,100,100,100,100,100,100,100,100,100,100,98.507,98.507,98.507,95.522,95.522,95.522,100,100,100,100,94.03
RMNH.INS.1271338_Ae_rusticus - tRNA-Pro gene,92.537,92.537,92.537,83.582,83.582,83.582,100,100,100,98.507,98.507,98.507,91.045,91.045,91.045,88.06,89.552,89.552,94.03,94.03,94.03,100,100,100,97.015,97.015,97.015,100,100,100,100,100,100,100,100,100,100,100,100,100,,100,100,100,100,97.015,98.507,100,100,100,89.552,89.552,89.552,98.507,98.507,88.06,88.06,88.06,95.522,95.522,95.522,100,100,100,100,100,100,100,100,100,100,98.507,98.507,98.507,95.522,95.522,95.522,100,100,100,100,94.03
RMNH.INS.1271339_Ae_punctor - tRNA-Pro gene,92.537,92.537,92.537,83.582,83.582,83.582,100,100,100,98.507,98.507,98.507,91.045,91.045,91.045,88.06,89.552,89.552,94.03,94.03,94.03,100,100,100,97.015,97.015,97.015,100,100,100,100,100,100,100,100,100,100,100,100,100,100,,100,100,100,97.015,98.507,100,100,100,89.552,89.552,89.552,98.507,98.507,88.06,88.06,88.06,95.522,95.522,95.522,100,100,100,100,100,100,100,100,100,100,98.507,98.507,98.507,95.522,95.522,95.522,100,100,100,100,94.03
RMNH.INS.1271340_Ae_geniculatus - tRNA-Pro gene,92.537,92.537,92.537,83.582,83.582,83.582,100,100,100,98.507,98.507,98.507,91.045,91.045,91.045,88.06,89.552,89.552,94.03,94.03,94.03,100,100,100,97.015,97.015,97.015,100,100,100,100,100,100,100,100,100,100,100,100,100,100,100,,100,100,97.015,98.507,100,100,100,89.552,89.552,89.552,98.507,98.507,88.06,88.06,88.06,95.522,95.522,95.522,100,100,100,100,100,100,100,100,100,100,98.507,98.507,98.507,95.522,95.522,95.522,100,100,100,100,94.03
RMNH.INS.1271341_Ae_geniculatus - tRNA-Pro gene,92.537,92.537,92.537,83.582,83.582,83.582,100,100,100,98.507,98.507,98.507,91.045,91.045,91.045,88.06,89.552,89.552,94.03,94.03,94.03,100,100,100,97.015,97.015,97.015,100,100,100,100,100,100,100,100,100,100,100,100,100,100,100,100,,100,97.015,98.507,100,100,100,89.552,89.552,89.552,98.507,98.507,88.06,88.06,88.06,95.522,95.522,95.522,100,100,100,100,100,100,100,100,100,100,98.507,98.507,98.507,95.522,95.522,95.522,100,100,100,100,94.03
RMNH.INS.1271342_Ae_geniculatus - tRNA-Pro gene,92.537,92.537,92.537,83.582,83.582,83.582,100,100,100,98.507,98.507,98.507,91.045,91.045,91.045,88.06,89.552,89.552,94.03,94.03,94.03,100,100,100,97.015,97.015,97.015,100,100,100,100,100,100,100,100,100,100,100,100,100,100,100,100,100,,97.015,98.507,100,100,100,89.552,89.552,89.552,98.507,98.507,88.06,88.06,88.06,95.522,95.522,95.522,100,100,100,100,100,100,100,100,100,100,98.507,98.507,98.507,95.522,95.522,95.522,100,100,100,100,94.03
RMNH.INS.1271344_Cs_subochrea - tRNA-Pro gene,92.537,92.537,92.537,86.567,86.567,86.567,97.015,97.015,97.015,97.015,97.015,97.015,88.06,88.06,88.06,88.06,89.552,89.552,91.045,91.045,91.045,97.015,97.015,97.015,94.03,94.03,94.03,97.015,97.015,97.015,97.015,97.015,97.015,97.015,97.015,97.015,97.015,97.015,97.015,97.015,97.015,97.015,97.015,97.015,97.015,,97.015,97.015,97.015,97.015,86.567,86.567,86.567,97.015,97.015,88.06,88.06,88.06,92.537,92.537,92.537,97.015,97.015,97.015,97.015,97.015,97.015,97.015,97.015,97.015,97.015,98.507,98.507,98.507,92.537,92.537,92.537,97.015,97.015,97.015,97.015,91.045
RMNH.INS.1271345_Cs_annulata - tRNA-Pro gene,91.045,91.045,91.045,83.582,83.582,83.582,98.507,98.507,98.507,100,100,100,89.552,89.552,89.552,86.567,88.06,88.06,92.537,92.537,92.537,98.507,98.507,98.507,95.522,95.522,95.522,98.507,98.507,98.507,98.507,98.507,98.507,98.507,98.507,98.507,98.507,98.507,98.507,98.507,98.507,98.507,98.507,98.507,98.507,97.015,,98.507,98.507,98.507,88.06,88.06,88.06,100,100,86.567,86.567,86.567,94.03,94.03,94.03,98.507,98.507,98.507,98.507,98.507,98.507,98.507,98.507,98.507,98.507,98.507,98.507,98.507,94.03,94.03,94.03,98.507,98.507,98.507,98.507,92.537
RMNH.INS.1271346_Ae_caspius - tRNA-Pro gene,92.537,92.537,92.537,83.582,83.582,83.582,100,100,100,98.507,98.507,98.507,91.045,91.045,91.045,88.06,89.552,89.552,94.03,94.03,94.03,100,100,100,97.015,97.015,97.015,100,100,100,100,100,100,100,100,100,100,100,100,100,100,100,100,100,100,97.015,98.507,,100,100,89.552,89.552,89.552,98.507,98.507,88.06,88.06,88.06,95.522,95.522,95.522,100,100,100,100,100,100,100,100,100,100,98.507,98.507,98.507,95.522,95.522,95.522,100,100,100,100,94.03
RMNH.INS.1271347_Ae_caspius - tRNA-Pro gene,92.537,92.537,92.537,83.582,83.582,83.582,100,100,100,98.507,98.507,98.507,91.045,91.045,91.045,88.06,89.552,89.552,94.03,94.03,94.03,100,100,100,97.015,97.015,97.015,100,100,100,100,100,100,100,100,100,100,100,100,100,100,100,100,100,100,97.015,98.507,100,,100,89.552,89.552,89.552,98.507,98.507,88.06,88.06,88.06,95.522,95.522,95.522,100,100,100,100,100,100,100,100,100,100,98.507,98.507,98.507,95.522,95.522,95.522,100,100,100,100,94.03
RMNH.INS.1271348_Ae_caspius - tRNA-Pro gene,92.537,92.537,92.537,83.582,83.582,83.582,100,100,100,98.507,98.507,98.507,91.045,91.045,91.045,88.06,89.552,89.552,94.03,94.03,94.03,100,100,100,97.015,97.015,97.015,100,100,100,100,100,100,100,100,100,100,100,100,100,100,100,100,100,100,97.015,98.507,100,100,,89.552,89.552,89.552,98.507,98.507,88.06,88.06,88.06,95.522,95.522,95.522,100,100,100,100,100,100,100,100,100,100,98.507,98.507,98.507,95.522,95.522,95.522,100,100,100,100,94.03
RMNH.INS.1271349_An_plumbeus_partial_genome - tRNA-Pro gene,90.909,90.909,90.909,90.909,90.909,90.909,89.552,89.552,89.552,88.06,88.06,88.06,89.394,89.394,89.394,89.394,90.909,90.909,92.424,92.424,92.424,89.552,89.552,89.552,92.537,92.537,92.537,89.552,89.552,89.552,89.552,89.552,89.552,89.552,89.552,89.552,89.552,89.552,89.552,89.552,89.552,89.552,89.552,89.552,89.552,86.567,88.06,89.552,89.552,89.552,,100,100,88.06,88.06,89.394,89.394,89.394,88.06,88.06,88.06,89.552,89.552,89.552,89.552,89.552,89.552,89.552,89.552,89.552,89.552,88.06,88.06,88.06,88.06,88.06,88.06,89.552,89.552,89.552,89.552,92.424
RMNH.INS.1271350_An_plumbeus_partial_genome - tRNA-Pro gene,90.909,90.909,90.909,90.909,90.909,90.909,89.552,89.552,89.552,88.06,88.06,88.06,89.394,89.394,89.394,89.394,90.909,90.909,92.424,92.424,92.424,89.552,89.552,89.552,92.537,92.537,92.537,89.552,89.552,89.552,89.552,89.552,89.552,89.552,89.552,89.552,89.552,89.552,89.552,89.552,89.552,89.552,89.552,89.552,89.552,86.567,88.06,89.552,89.552,89.552,100,,100,88.06,88.06,89.394,89.394,89.394,88.06,88.06,88.06,89.552,89.552,89.552,89.552,89.552,89.552,89.552,89.552,89.552,89.552,88.06,88.06,88.06,88.06,88.06,88.06,89.552,89.552,89.552,89.552,92.424
RMNH.INS.1271351_An_plumbeus_partial_genome - tRNA-Pro gene,90.909,90.909,90.909,90.909,90.909,90.909,89.552,89.552,89.552,88.06,88.06,88.06,89.394,89.394,89.394,89.394,90.909,90.909,92.424,92.424,92.424,89.552,89.552,89.552,92.537,92.537,92.537,89.552,89.552,89.552,89.552,89.552,89.552,89.552,89.552,89.552,89.552,89.552,89.552,89.552,89.552,89.552,89.552,89.552,89.552,86.567,88.06,89.552,89.552,89.552,100,100,,88.06,88.06,89.394,89.394,89.394,88.06,88.06,88.06,89.552,89.552,89.552,89.552,89.552,89.552,89.552,89.552,89.552,89.552,88.06,88.06,88.06,88.06,88.06,88.06,89.552,89.552,89.552,89.552,92.424
RMNH.INS.1271352_Cs_annulata - tRNA-Pro gene,91.045,91.045,91.045,83.582,83.582,83.582,98.507,98.507,98.507,100,100,100,89.552,89.552,89.552,86.567,88.06,88.06,92.537,92.537,92.537,98.507,98.507,98.507,95.522,95.522,95.522,98.507,98.507,98.507,98.507,98.507,98.507,98.507,98.507,98.507,98.507,98.507,98.507,98.507,98.507,98.507,98.507,98.507,98.507,97.015,100,98.507,98.507,98.507,88.06,88.06,88.06,,100,86.567,86.567,86.567,94.03,94.03,94.03,98.507,98.507,98.507,98.507,98.507,98.507,98.507,98.507,98.507,98.507,98.507,98.507,98.507,94.03,94.03,94.03,98.507,98.507,98.507,98.507,92.537
RMNH.INS.1271354_Cs_annulata - tRNA-Pro gene,91.045,91.045,91.045,83.582,83.582,83.582,98.507,98.507,98.507,100,100,100,89.552,89.552,89.552,86.567,88.06,88.06,92.537,92.537,92.537,98.507,98.507,98.507,95.522,95.522,95.522,98.507,98.507,98.507,98.507,98.507,98.507,98.507,98.507,98.507,98.507,98.507,98.507,98.507,98.507,98.507,98.507,98.507,98.507,97.015,100,98.507,98.507,98.507,88.06,88.06,88.06,100,,86.567,86.567,86.567,94.03,94.03,94.03,98.507,98.507,98.507,98.507,98.507,98.507,98.507,98.507,98.507,98.507,98.507,98.507,98.507,94.03,94.03,94.03,98.507,98.507,98.507,98.507,92.537
RMNH.INS.1271355_Cx_pipiens - tRNA-Pro gene,93.939,93.939,93.939,93.939,93.939,93.939,88.06,88.06,88.06,86.567,86.567,86.567,93.939,93.939,93.939,100,96.97,98.485,93.939,93.939,93.939,88.06,88.06,88.06,91.045,91.045,91.045,88.06,88.06,88.06,88.06,88.06,88.06,88.06,88.06,88.06,88.06,88.06,88.06,88.06,88.06,88.06,88.06,88.06,88.06,88.06,86.567,88.06,88.06,88.06,89.394,89.394,89.394,86.567,86.567,,100,100,89.552,89.552,89.552,88.06,88.06,88.06,88.06,88.06,88.06,88.06,88.06,88.06,88.06,86.567,86.567,86.567,89.552,89.552,89.552,88.06,88.06,88.06,88.06,92.424
RMNH.INS.1271356_Cx_pipiens - tRNA-Pro gene,93.939,93.939,93.939,93.939,93.939,93.939,88.06,88.06,88.06,86.567,86.567,86.567,93.939,93.939,93.939,100,96.97,98.485,93.939,93.939,93.939,88.06,88.06,88.06,91.045,91.045,91.045,88.06,88.06,88.06,88.06,88.06,88.06,88.06,88.06,88.06,88.06,88.06,88.06,88.06,88.06,88.06,88.06,88.06,88.06,88.06,86.567,88.06,88.06,88.06,89.394,89.394,89.394,86.567,86.567,100,,100,89.552,89.552,89.552,88.06,88.06,88.06,88.06,88.06,88.06,88.06,88.06,88.06,88.06,86.567,86.567,86.567,89.552,89.552,89.552,88.06,88.06,88.06,88.06,92.424
RMNH.INS.1271357_Cx_pipiens - tRNA-Pro gene,93.939,93.939,93.939,93.939,93.939,93.939,88.06,88.06,88.06,86.567,86.567,86.567,93.939,93.939,93.939,100,96.97,98.485,93.939,93.939,93.939,88.06,88.06,88.06,91.045,91.045,91.045,88.06,88.06,88.06,88.06,88.06,88.06,88.06,88.06,88.06,88.06,88.06,88.06,88.06,88.06,88.06,88.06,88.06,88.06,88.06,86.567,88.06,88.06,88.06,89.394,89.394,89.394,86.567,86.567,100,100,,89.552,89.552,89.552,88.06,88.06,88.06,88.06,88.06,88.06,88.06,88.06,88.06,88.06,86.567,86.567,86.567,89.552,89.552,89.552,88.06,88.06,88.06,88.06,92.424
RMNH.INS.1271358_Cs_morsitans - tRNA-Pro gene,91.045,91.045,91.045,85.075,85.075,85.075,95.522,95.522,95.522,94.03,94.03,94.03,92.537,92.537,92.537,89.552,91.045,91.045,95.522,95.522,95.522,95.522,95.522,95.522,95.522,95.522,95.522,95.522,95.522,95.522,95.522,95.522,95.522,95.522,95.522,95.522,95.522,95.522,95.522,95.522,95.522,95.522,95.522,95.522,95.522,92.537,94.03,95.522,95.522,95.522,88.06,88.06,88.06,94.03,94.03,89.552,89.552,89.552,,100,100,95.522,95.522,95.522,95.522,95.522,95.522,95.522,95.522,95.522,95.522,94.03,94.03,94.03,94.03,94.03,94.03,95.522,95.522,95.522,95.522,92.537
RMNH.INS.1271359_Cs_morsitans - tRNA-Pro gene,91.045,91.045,91.045,85.075,85.075,85.075,95.522,95.522,95.522,94.03,94.03,94.03,92.537,92.537,92.537,89.552,91.045,91.045,95.522,95.522,95.522,95.522,95.522,95.522,95.522,95.522,95.522,95.522,95.522,95.522,95.522,95.522,95.522,95.522,95.522,95.522,95.522,95.522,95.522,95.522,95.522,95.522,95.522,95.522,95.522,92.537,94.03,95.522,95.522,95.522,88.06,88.06,88.06,94.03,94.03,89.552,89.552,89.552,100,,100,95.522,95.522,95.522,95.522,95.522,95.522,95.522,95.522,95.522,95.522,94.03,94.03,94.03,94.03,94.03,94.03,95.522,95.522,95.522,95.522,92.537
RMNH.INS.1271360_Cs_morsitans - tRNA-Pro gene,91.045,91.045,91.045,85.075,85.075,85.075,95.522,95.522,95.522,94.03,94.03,94.03,92.537,92.537,92.537,89.552,91.045,91.045,95.522,95.522,95.522,95.522,95.522,95.522,95.522,95.522,95.522,95.522,95.522,95.522,95.522,95.522,95.522,95.522,95.522,95.522,95.522,95.522,95.522,95.522,95.522,95.522,95.522,95.522,95.522,92.537,94.03,95.522,95.522,95.522,88.06,88.06,88.06,94.03,94.03,89.552,89.552,89.552,100,100,,95.522,95.522,95.522,95.522,95.522,95.522,95.522,95.522,95.522,95.522,94.03,94.03,94.03,94.03,94.03,94.03,95.522,95.522,95.522,95.522,92.537
RMNH.INS.1271361_Ae_sticticus - tRNA-Pro gene,92.537,92.537,92.537,83.582,83.582,83.582,100,100,100,98.507,98.507,98.507,91.045,91.045,91.045,88.06,89.552,89.552,94.03,94.03,94.03,100,100,100,97.015,97.015,97.015,100,100,100,100,100,100,100,100,100,100,100,100,100,100,100,100,100,100,97.015,98.507,100,100,100,89.552,89.552,89.552,98.507,98.507,88.06,88.06,88.06,95.522,95.522,95.522,,100,100,100,100,100,100,100,100,100,98.507,98.507,98.507,95.522,95.522,95.522,100,100,100,100,94.03
RMNH.INS.1271362_Ae_sticticus - tRNA-Pro gene,92.537,92.537,92.537,83.582,83.582,83.582,100,100,100,98.507,98.507,98.507,91.045,91.045,91.045,88.06,89.552,89.552,94.03,94.03,94.03,100,100,100,97.015,97.015,97.015,100,100,100,100,100,100,100,100,100,100,100,100,100,100,100,100,100,100,97.015,98.507,100,100,100,89.552,89.552,89.552,98.507,98.507,88.06,88.06,88.06,95.522,95.522,95.522,100,,100,100,100,100,100,100,100,100,98.507,98.507,98.507,95.522,95.522,95.522,100,100,100,100,94.03
RMNH.INS.1271363_Ae_sticticus - tRNA-Pro gene,92.537,92.537,92.537,83.582,83.582,83.582,100,100,100,98.507,98.507,98.507,91.045,91.045,91.045,88.06,89.552,89.552,94.03,94.03,94.03,100,100,100,97.015,97.015,97.015,100,100,100,100,100,100,100,100,100,100,100,100,100,100,100,100,100,100,97.015,98.507,100,100,100,89.552,89.552,89.552,98.507,98.507,88.06,88.06,88.06,95.522,95.522,95.522,100,100,,100,100,100,100,100,100,100,98.507,98.507,98.507,95.522,95.522,95.522,100,100,100,100,94.03
RMNH.INS.1271367_Ae_detritus - tRNA-Pro gene,92.537,92.537,92.537,83.582,83.582,83.582,100,100,100,98.507,98.507,98.507,91.045,91.045,91.045,88.06,89.552,89.552,94.03,94.03,94.03,100,100,100,97.015,97.015,97.015,100,100,100,100,100,100,100,100,100,100,100,100,100,100,100,100,100,100,97.015,98.507,100,100,100,89.552,89.552,89.552,98.507,98.507,88.06,88.06,88.06,95.522,95.522,95.522,100,100,100,,100,100,100,100,100,100,98.507,98.507,98.507,95.522,95.522,95.522,100,100,100,100,94.03
RMNH.INS.1271368_Ae_detritus - tRNA-Pro gene,92.537,92.537,92.537,83.582,83.582,83.582,100,100,100,98.507,98.507,98.507,91.045,91.045,91.045,88.06,89.552,89.552,94.03,94.03,94.03,100,100,100,97.015,97.015,97.015,100,100,100,100,100,100,100,100,100,100,100,100,100,100,100,100,100,100,97.015,98.507,100,100,100,89.552,89.552,89.552,98.507,98.507,88.06,88.06,88.06,95.522,95.522,95.522,100,100,100,100,,100,100,100,100,100,98.507,98.507,98.507,95.522,95.522,95.522,100,100,100,100,94.03
RMNH.INS.1271369_Ae_caspius - tRNA-Pro gene,92.537,92.537,92.537,83.582,83.582,83.582,100,100,100,98.507,98.507,98.507,91.045,91.045,91.045,88.06,89.552,89.552,94.03,94.03,94.03,100,100,100,97.015,97.015,97.015,100,100,100,100,100,100,100,100,100,100,100,100,100,100,100,100,100,100,97.015,98.507,100,100,100,89.552,89.552,89.552,98.507,98.507,88.06,88.06,88.06,95.522,95.522,95.522,100,100,100,100,100,,100,100,100,100,98.507,98.507,98.507,95.522,95.522,95.522,100,100,100,100,94.03
RMNH.INS.1271370_Ae_flavescens - tRNA-Pro gene,92.537,92.537,92.537,83.582,83.582,83.582,100,100,100,98.507,98.507,98.507,91.045,91.045,91.045,88.06,89.552,89.552,94.03,94.03,94.03,100,100,100,97.015,97.015,97.015,100,100,100,100,100,100,100,100,100,100,100,100,100,100,100,100,100,100,97.015,98.507,100,100,100,89.552,89.552,89.552,98.507,98.507,88.06,88.06,88.06,95.522,95.522,95.522,100,100,100,100,100,100,,100,100,100,98.507,98.507,98.507,95.522,95.522,95.522,100,100,100,100,94.03
RMNH.INS.1271371_Ae_flavescens - tRNA-Pro gene,92.537,92.537,92.537,83.582,83.582,83.582,100,100,100,98.507,98.507,98.507,91.045,91.045,91.045,88.06,89.552,89.552,94.03,94.03,94.03,100,100,100,97.015,97.015,97.015,100,100,100,100,100,100,100,100,100,100,100,100,100,100,100,100,100,100,97.015,98.507,100,100,100,89.552,89.552,89.552,98.507,98.507,88.06,88.06,88.06,95.522,95.522,95.522,100,100,100,100,100,100,100,,100,100,98.507,98.507,98.507,95.522,95.522,95.522,100,100,100,100,94.03
RMNH.INS.1271372_Ae_flavescens - tRNA-Pro gene,92.537,92.537,92.537,83.582,83.582,83.582,100,100,100,98.507,98.507,98.507,91.045,91.045,91.045,88.06,89.552,89.552,94.03,94.03,94.03,100,100,100,97.015,97.015,97.015,100,100,100,100,100,100,100,100,100,100,100,100,100,100,100,100,100,100,97.015,98.507,100,100,100,89.552,89.552,89.552,98.507,98.507,88.06,88.06,88.06,95.522,95.522,95.522,100,100,100,100,100,100,100,100,,100,98.507,98.507,98.507,95.522,95.522,95.522,100,100,100,100,94.03
RMNH.INS.1271375_Ae_leucomelas - tRNA-Pro gene,92.537,92.537,92.537,83.582,83.582,83.582,100,100,100,98.507,98.507,98.507,91.045,91.045,91.045,88.06,89.552,89.552,94.03,94.03,94.03,100,100,100,97.015,97.015,97.015,100,100,100,100,100,100,100,100,100,100,100,100,100,100,100,100,100,100,97.015,98.507,100,100,100,89.552,89.552,89.552,98.507,98.507,88.06,88.06,88.06,95.522,95.522,95.522,100,100,100,100,100,100,100,100,100,,98.507,98.507,98.507,95.522,95.522,95.522,100,100,100,100,94.03
RMNH.INS.1271376_Ae_albopictus - tRNA-Pro gene,91.045,91.045,91.045,85.075,85.075,85.075,98.507,98.507,98.507,98.507,98.507,98.507,89.552,89.552,89.552,86.567,88.06,88.06,92.537,92.537,92.537,98.507,98.507,98.507,95.522,95.522,95.522,98.507,98.507,98.507,98.507,98.507,98.507,98.507,98.507,98.507,98.507,98.507,98.507,98.507,98.507,98.507,98.507,98.507,98.507,98.507,98.507,98.507,98.507,98.507,88.06,88.06,88.06,98.507,98.507,86.567,86.567,86.567,94.03,94.03,94.03,98.507,98.507,98.507,98.507,98.507,98.507,98.507,98.507,98.507,98.507,,100,100,94.03,94.03,94.03,98.507,98.507,98.507,98.507,92.537
RMNH.INS.1271377_Ae_albopictus - tRNA-Pro gene,91.045,91.045,91.045,85.075,85.075,85.075,98.507,98.507,98.507,98.507,98.507,98.507,89.552,89.552,89.552,86.567,88.06,88.06,92.537,92.537,92.537,98.507,98.507,98.507,95.522,95.522,95.522,98.507,98.507,98.507,98.507,98.507,98.507,98.507,98.507,98.507,98.507,98.507,98.507,98.507,98.507,98.507,98.507,98.507,98.507,98.507,98.507,98.507,98.507,98.507,88.06,88.06,88.06,98.507,98.507,86.567,86.567,86.567,94.03,94.03,94.03,98.507,98.507,98.507,98.507,98.507,98.507,98.507,98.507,98.507,98.507,100,,100,94.03,94.03,94.03,98.507,98.507,98.507,98.507,92.537
RMNH.INS.1271378_Ae_albopictus - tRNA-Pro gene,91.045,91.045,91.045,85.075,85.075,85.075,98.507,98.507,98.507,98.507,98.507,98.507,89.552,89.552,89.552,86.567,88.06,88.06,92.537,92.537,92.537,98.507,98.507,98.507,95.522,95.522,95.522,98.507,98.507,98.507,98.507,98.507,98.507,98.507,98.507,98.507,98.507,98.507,98.507,98.507,98.507,98.507,98.507,98.507,98.507,98.507,98.507,98.507,98.507,98.507,88.06,88.06,88.06,98.507,98.507,86.567,86.567,86.567,94.03,94.03,94.03,98.507,98.507,98.507,98.507,98.507,98.507,98.507,98.507,98.507,98.507,100,100,,94.03,94.03,94.03,98.507,98.507,98.507,98.507,92.537
RMNH.INS.1271379_Ae_japonicus - tRNA-Pro gene,91.045,91.045,91.045,85.075,85.075,85.075,95.522,95.522,95.522,94.03,94.03,94.03,92.537,92.537,92.537,89.552,91.045,91.045,95.522,95.522,95.522,95.522,95.522,95.522,95.522,95.522,95.522,95.522,95.522,95.522,95.522,95.522,95.522,95.522,95.522,95.522,95.522,95.522,95.522,95.522,95.522,95.522,95.522,95.522,95.522,92.537,94.03,95.522,95.522,95.522,88.06,88.06,88.06,94.03,94.03,89.552,89.552,89.552,94.03,94.03,94.03,95.522,95.522,95.522,95.522,95.522,95.522,95.522,95.522,95.522,95.522,94.03,94.03,94.03,,100,100,95.522,95.522,95.522,95.522,92.537
RMNH.INS.1271380_Ae_japonicus - tRNA-Pro gene,91.045,91.045,91.045,85.075,85.075,85.075,95.522,95.522,95.522,94.03,94.03,94.03,92.537,92.537,92.537,89.552,91.045,91.045,95.522,95.522,95.522,95.522,95.522,95.522,95.522,95.522,95.522,95.522,95.522,95.522,95.522,95.522,95.522,95.522,95.522,95.522,95.522,95.522,95.522,95.522,95.522,95.522,95.522,95.522,95.522,92.537,94.03,95.522,95.522,95.522,88.06,88.06,88.06,94.03,94.03,89.552,89.552,89.552,94.03,94.03,94.03,95.522,95.522,95.522,95.522,95.522,95.522,95.522,95.522,95.522,95.522,94.03,94.03,94.03,100,,100,95.522,95.522,95.522,95.522,92.537
RMNH.INS.1271381_Ae_japonicus - tRNA-Pro gene,91.045,91.045,91.045,85.075,85.075,85.075,95.522,95.522,95.522,94.03,94.03,94.03,92.537,92.537,92.537,89.552,91.045,91.045,95.522,95.522,95.522,95.522,95.522,95.522,95.522,95.522,95.522,95.522,95.522,95.522,95.522,95.522,95.522,95.522,95.522,95.522,95.522,95.522,95.522,95.522,95.522,95.522,95.522,95.522,95.522,92.537,94.03,95.522,95.522,95.522,88.06,88.06,88.06,94.03,94.03,89.552,89.552,89.552,94.03,94.03,94.03,95.522,95.522,95.522,95.522,95.522,95.522,95.522,95.522,95.522,95.522,94.03,94.03,94.03,100,100,,95.522,95.522,95.522,95.522,92.537
RMNH.INS.1271382_Ae_aegypti - tRNA-Pro gene,92.537,92.537,92.537,83.582,83.582,83.582,100,100,100,98.507,98.507,98.507,91.045,91.045,91.045,88.06,89.552,89.552,94.03,94.03,94.03,100,100,100,97.015,97.015,97.015,100,100,100,100,100,100,100,100,100,100,100,100,100,100,100,100,100,100,97.015,98.507,100,100,100,89.552,89.552,89.552,98.507,98.507,88.06,88.06,88.06,95.522,95.522,95.522,100,100,100,100,100,100,100,100,100,100,98.507,98.507,98.507,95.522,95.522,95.522,,100,100,100,94.03
RMNH.INS.1271383_Ae_aegypti - tRNA-Pro gene,92.537,92.537,92.537,83.582,83.582,83.582,100,100,100,98.507,98.507,98.507,91.045,91.045,91.045,88.06,89.552,89.552,94.03,94.03,94.03,100,100,100,97.015,97.015,97.015,100,100,100,100,100,100,100,100,100,100,100,100,100,100,100,100,100,100,97.015,98.507,100,100,100,89.552,89.552,89.552,98.507,98.507,88.06,88.06,88.06,95.522,95.522,95.522,100,100,100,100,100,100,100,100,100,100,98.507,98.507,98.507,95.522,95.522,95.522,100,,100,100,94.03
RMNH.INS.1271384_Ae_aegypti - tRNA-Pro gene,92.537,92.537,92.537,83.582,83.582,83.582,100,100,100,98.507,98.507,98.507,91.045,91.045,91.045,88.06,89.552,89.552,94.03,94.03,94.03,100,100,100,97.015,97.015,97.015,100,100,100,100,100,100,100,100,100,100,100,100,100,100,100,100,100,100,97.015,98.507,100,100,100,89.552,89.552,89.552,98.507,98.507,88.06,88.06,88.06,95.522,95.522,95.522,100,100,100,100,100,100,100,100,100,100,98.507,98.507,98.507,95.522,95.522,95.522,100,100,,100,94.03
RMNH.INS.1271386_Ae_cinereus - tRNA-Pro gene,92.537,92.537,92.537,83.582,83.582,83.582,100,100,100,98.507,98.507,98.507,91.045,91.045,91.045,88.06,89.552,89.552,94.03,94.03,94.03,100,100,100,97.015,97.015,97.015,100,100,100,100,100,100,100,100,100,100,100,100,100,100,100,100,100,100,97.015,98.507,100,100,100,89.552,89.552,89.552,98.507,98.507,88.06,88.06,88.06,95.522,95.522,95.522,100,100,100,100,100,100,100,100,100,100,98.507,98.507,98.507,95.522,95.522,95.522,100,100,100,,94.03
RMNH.INS.1271389_Cs_ochroptera - tRNA-Pro gene,98.485,98.485,98.485,89.394,89.394,89.394,94.03,94.03,94.03,92.537,92.537,92.537,93.939,93.939,93.939,92.424,95.455,93.939,96.97,96.97,96.97,94.03,94.03,94.03,97.015,97.015,97.015,94.03,94.03,94.03,94.03,94.03,94.03,94.03,94.03,94.03,94.03,94.03,94.03,94.03,94.03,94.03,94.03,94.03,94.03,91.045,92.537,94.03,94.03,94.03,92.424,92.424,92.424,92.537,92.537,92.424,92.424,92.424,92.537,92.537,92.537,94.03,94.03,94.03,94.03,94.03,94.03,94.03,94.03,94.03,94.03,92.537,92.537,92.537,92.537,92.537,92.537,94.03,94.03,94.03,94.03,
